publication_date,date,N_dead
2021-01-26,2020-02-29,0
2021-01-26,2020-03-01,0
2021-01-26,2020-03-02,1
2021-01-26,2020-03-03,2
2021-01-26,2020-03-04,0
2021-01-26,2020-03-05,3
2021-01-26,2020-03-06,0
2021-01-26,2020-03-07,0
2021-01-26,2020-03-08,3
2021-01-26,2020-03-09,5
2021-01-26,2020-03-10,3
2021-01-26,2020-03-11,8
2021-01-26,2020-03-12,13
2021-01-26,2020-03-13,16
2021-01-26,2020-03-14,22
2021-01-26,2020-03-15,32
2021-01-26,2020-03-16,46
2021-01-26,2020-03-17,52
2021-01-26,2020-03-18,68
2021-01-26,2020-03-19,74
2021-01-26,2020-03-20,109
2021-01-26,2020-03-21,131
2021-01-26,2020-03-22,165
2021-01-26,2020-03-23,186
2021-01-26,2020-03-24,237
2021-01-26,2020-03-25,302
2021-01-26,2020-03-26,360
2021-01-26,2020-03-27,398
2021-01-26,2020-03-28,436
2021-01-26,2020-03-29,507
2021-01-26,2020-03-30,586
2021-01-26,2020-03-31,661
2021-01-26,2020-04-01,767
2021-01-26,2020-04-02,806
2021-01-26,2020-04-03,839
2021-01-26,2020-04-04,905
2021-01-26,2020-04-05,915
2021-01-26,2020-04-06,892
2021-01-26,2020-04-07,999
2021-01-26,2020-04-08,1073
2021-01-26,2020-04-09,999
2021-01-26,2020-04-10,941
2021-01-26,2020-04-11,956
2021-01-26,2020-04-12,957
2021-01-26,2020-04-13,893
2021-01-26,2020-04-14,859
2021-01-26,2020-04-15,879
2021-01-26,2020-04-16,839
2021-01-26,2020-04-17,819
2021-01-26,2020-04-18,799
2021-01-26,2020-04-19,765
2021-01-26,2020-04-20,783
2021-01-26,2020-04-21,742
2021-01-26,2020-04-22,729
2021-01-26,2020-04-23,675
2021-01-26,2020-04-24,683
2021-01-26,2020-04-25,646
2021-01-26,2020-04-26,634
2021-01-26,2020-04-27,595
2021-01-26,2020-04-28,560
2021-01-26,2020-04-29,570
2021-01-26,2020-04-30,551
2021-01-26,2020-05-01,568
2021-01-26,2020-05-02,494
2021-01-26,2020-05-03,448
2021-01-26,2020-05-04,484
2021-01-26,2020-05-05,464
2021-01-26,2020-05-06,461
2021-01-26,2020-05-07,461
2021-01-26,2020-05-08,383
2021-01-26,2020-05-09,378
2021-01-26,2020-05-10,347
2021-01-26,2020-05-11,308
2021-01-26,2020-05-12,320
2021-01-26,2020-05-13,316
2021-01-26,2020-05-14,333
2021-01-26,2020-05-15,312
2021-01-26,2020-05-16,313
2021-01-26,2020-05-17,267
2021-01-26,2020-05-18,293
2021-01-26,2020-05-19,275
2021-01-26,2020-05-20,267
2021-01-26,2020-05-21,237
2021-01-26,2020-05-22,222
2021-01-26,2020-05-23,217
2021-01-26,2020-05-24,195
2021-01-26,2020-05-25,201
2021-01-26,2020-05-26,212
2021-01-26,2020-05-27,197
2021-01-26,2020-05-28,217
2021-01-26,2020-05-29,186
2021-01-26,2020-05-30,163
2021-01-26,2020-05-31,126
2021-01-26,2020-06-01,135
2021-01-26,2020-06-02,169
2021-01-26,2020-06-03,155
2021-01-26,2020-06-04,135
2021-01-26,2020-06-05,123
2021-01-26,2020-06-06,111
2021-01-26,2020-06-07,127
2021-01-26,2020-06-08,123
2021-01-26,2020-06-09,90
2021-01-26,2020-06-10,109
2021-01-26,2020-06-11,80
2021-01-26,2020-06-12,79
2021-01-26,2020-06-13,63
2021-01-26,2020-06-14,87
2021-01-26,2020-06-15,70
2021-01-26,2020-06-16,84
2021-01-26,2020-06-17,58
2021-01-26,2020-06-18,61
2021-01-26,2020-06-19,52
2021-01-26,2020-06-20,60
2021-01-26,2020-06-21,54
2021-01-26,2020-06-22,64
2021-01-26,2020-06-23,64
2021-01-26,2020-06-24,75
2021-01-26,2020-06-25,68
2021-01-26,2020-06-26,41
2021-01-26,2020-06-27,49
2021-01-26,2020-06-28,45
2021-01-26,2020-06-29,39
2021-01-26,2020-06-30,47
2021-01-26,2020-07-01,27
2021-01-26,2020-07-02,43
2021-01-26,2020-07-03,29
2021-01-26,2020-07-04,33
2021-01-26,2020-07-05,27
2021-01-26,2020-07-06,36
2021-01-26,2020-07-07,27
2021-01-26,2020-07-08,24
2021-01-26,2020-07-09,37
2021-01-26,2020-07-10,21
2021-01-26,2020-07-11,21
2021-01-26,2020-07-12,13
2021-01-26,2020-07-13,24
2021-01-26,2020-07-14,21
2021-01-26,2020-07-15,21
2021-01-26,2020-07-16,13
2021-01-26,2020-07-17,18
2021-01-26,2020-07-18,15
2021-01-26,2020-07-19,14
2021-01-26,2020-07-20,12
2021-01-26,2020-07-21,20
2021-01-26,2020-07-22,17
2021-01-26,2020-07-23,16
2021-01-26,2020-07-24,7
2021-01-26,2020-07-25,16
2021-01-26,2020-07-26,16
2021-01-26,2020-07-27,11
2021-01-26,2020-07-28,12
2021-01-26,2020-07-29,12
2021-01-26,2020-07-30,10
2021-01-26,2020-07-31,14
2021-01-26,2020-08-01,11
2021-01-26,2020-08-02,10
2021-01-26,2020-08-03,15
2021-01-26,2020-08-04,14
2021-01-26,2020-08-05,6
2021-01-26,2020-08-06,9
2021-01-26,2020-08-07,13
2021-01-26,2020-08-08,14
2021-01-26,2020-08-09,8
2021-01-26,2020-08-10,13
2021-01-26,2020-08-11,10
2021-01-26,2020-08-12,7
2021-01-26,2020-08-13,9
2021-01-26,2020-08-14,7
2021-01-26,2020-08-15,12
2021-01-26,2020-08-16,4
2021-01-26,2020-08-17,12
2021-01-26,2020-08-18,9
2021-01-26,2020-08-19,3
2021-01-26,2020-08-20,8
2021-01-26,2020-08-21,7
2021-01-26,2020-08-22,8
2021-01-26,2020-08-23,14
2021-01-26,2020-08-24,6
2021-01-26,2020-08-25,12
2021-01-26,2020-08-26,11
2021-01-26,2020-08-27,8
2021-01-26,2020-08-28,10
2021-01-26,2020-08-29,5
2021-01-26,2020-08-30,6
2021-01-26,2020-08-31,9
2021-01-26,2020-09-01,3
2021-01-26,2020-09-02,9
2021-01-26,2020-09-03,10
2021-01-26,2020-09-04,7
2021-01-26,2020-09-05,13
2021-01-26,2020-09-06,8
2021-01-26,2020-09-07,15
2021-01-26,2020-09-08,9
2021-01-26,2020-09-09,9
2021-01-26,2020-09-10,13
2021-01-26,2020-09-11,13
2021-01-26,2020-09-12,18
2021-01-26,2020-09-13,16
2021-01-26,2020-09-14,21
2021-01-26,2020-09-15,18
2021-01-26,2020-09-16,26
2021-01-26,2020-09-17,27
2021-01-26,2020-09-18,23
2021-01-26,2020-09-19,20
2021-01-26,2020-09-20,31
2021-01-26,2020-09-21,27
2021-01-26,2020-09-22,39
2021-01-26,2020-09-23,56
2021-01-26,2020-09-24,35
2021-01-26,2020-09-25,32
2021-01-26,2020-09-26,39
2021-01-26,2020-09-27,47
2021-01-26,2020-09-28,54
2021-01-26,2020-09-29,48
2021-01-26,2020-09-30,57
2021-01-26,2020-10-01,66
2021-01-26,2020-10-02,68
2021-01-26,2020-10-03,66
2021-01-26,2020-10-04,60
2021-01-26,2020-10-05,70
2021-01-26,2020-10-06,69
2021-01-26,2020-10-07,102
2021-01-26,2020-10-08,92
2021-01-26,2020-10-09,79
2021-01-26,2020-10-10,103
2021-01-26,2020-10-11,122
2021-01-26,2020-10-12,112
2021-01-26,2020-10-13,110
2021-01-26,2020-10-14,115
2021-01-26,2020-10-15,151
2021-01-26,2020-10-16,147
2021-01-26,2020-10-17,176
2021-01-26,2020-10-18,159
2021-01-26,2020-10-19,191
2021-01-26,2020-10-20,194
2021-01-26,2020-10-21,222
2021-01-26,2020-10-22,234
2021-01-26,2020-10-23,222
2021-01-26,2020-10-24,213
2021-01-26,2020-10-25,247
2021-01-26,2020-10-26,277
2021-01-26,2020-10-27,266
2021-01-26,2020-10-28,283
2021-01-26,2020-10-29,310
2021-01-26,2020-10-30,338
2021-01-26,2020-10-31,319
2021-01-26,2020-11-01,358
2021-01-26,2020-11-02,330
2021-01-26,2020-11-03,360
2021-01-26,2020-11-04,329
2021-01-26,2020-11-05,375
2021-01-26,2020-11-06,401
2021-01-26,2020-11-07,390
2021-01-26,2020-11-08,414
2021-01-26,2020-11-09,480
2021-01-26,2020-11-10,387
2021-01-26,2020-11-11,387
2021-01-26,2020-11-12,419
2021-01-26,2020-11-13,434
2021-01-26,2020-11-14,427
2021-01-26,2020-11-15,451
2021-01-26,2020-11-16,424
2021-01-26,2020-11-17,439
2021-01-26,2020-11-18,485
2021-01-26,2020-11-19,462
2021-01-26,2020-11-20,451
2021-01-26,2020-11-21,461
2021-01-26,2020-11-22,476
2021-01-26,2020-11-23,463
2021-01-26,2020-11-24,456
2021-01-26,2020-11-25,482
2021-01-26,2020-11-26,432
2021-01-26,2020-11-27,419
2021-01-26,2020-11-28,461
2021-01-26,2020-11-29,460
2021-01-26,2020-11-30,420
2021-01-26,2020-12-01,403
2021-01-26,2020-12-02,385
2021-01-26,2020-12-03,470
2021-01-26,2020-12-04,475
2021-01-26,2020-12-05,393
2021-01-26,2020-12-06,415
2021-01-26,2020-12-07,419
2021-01-26,2020-12-08,435
2021-01-26,2020-12-09,429
2021-01-26,2020-12-10,441
2021-01-26,2020-12-11,454
2021-01-26,2020-12-12,437
2021-01-26,2020-12-13,416
2021-01-26,2020-12-14,480
2021-01-26,2020-12-15,455
2021-01-26,2020-12-16,433
2021-01-26,2020-12-17,531
2021-01-26,2020-12-18,512
2021-01-26,2020-12-19,484
2021-01-26,2020-12-20,505
2021-01-26,2020-12-21,567
2021-01-26,2020-12-22,563
2021-01-26,2020-12-23,566
2021-01-26,2020-12-24,575
2021-01-26,2020-12-25,607
2021-01-26,2020-12-26,649
2021-01-26,2020-12-27,643
2021-01-26,2020-12-28,675
2021-01-26,2020-12-29,655
2021-01-26,2020-12-30,715
2021-01-26,2020-12-31,744
2021-01-26,2021-01-01,734
2021-01-26,2021-01-02,745
2021-01-26,2021-01-03,744
2021-01-26,2021-01-04,825
2021-01-26,2021-01-05,895
2021-01-26,2021-01-06,918
2021-01-26,2021-01-07,980
2021-01-26,2021-01-08,955
2021-01-26,2021-01-09,1000
2021-01-26,2021-01-10,1054
2021-01-26,2021-01-11,1116
2021-01-26,2021-01-12,1164
2021-01-26,2021-01-13,1153
2021-01-26,2021-01-14,1147
2021-01-26,2021-01-15,1108
2021-01-26,2021-01-16,1165
2021-01-26,2021-01-17,1125
2021-01-26,2021-01-18,1176
2021-01-26,2021-01-19,1159
2021-01-26,2021-01-20,1039
2021-01-26,2021-01-21,927
2021-01-26,2021-01-22,657
2021-01-26,2021-01-23,402
2021-01-26,2021-01-24,154
2021-01-27,2020-02-29,0
2021-01-27,2020-03-01,0
2021-01-27,2020-03-02,1
2021-01-27,2020-03-03,2
2021-01-27,2020-03-04,0
2021-01-27,2020-03-05,3
2021-01-27,2020-03-06,0
2021-01-27,2020-03-07,0
2021-01-27,2020-03-08,3
2021-01-27,2020-03-09,5
2021-01-27,2020-03-10,3
2021-01-27,2020-03-11,8
2021-01-27,2020-03-12,13
2021-01-27,2020-03-13,16
2021-01-27,2020-03-14,22
2021-01-27,2020-03-15,32
2021-01-27,2020-03-16,46
2021-01-27,2020-03-17,52
2021-01-27,2020-03-18,68
2021-01-27,2020-03-19,74
2021-01-27,2020-03-20,109
2021-01-27,2020-03-21,131
2021-01-27,2020-03-22,165
2021-01-27,2020-03-23,186
2021-01-27,2020-03-24,237
2021-01-27,2020-03-25,302
2021-01-27,2020-03-26,360
2021-01-27,2020-03-27,398
2021-01-27,2020-03-28,436
2021-01-27,2020-03-29,507
2021-01-27,2020-03-30,586
2021-01-27,2020-03-31,661
2021-01-27,2020-04-01,767
2021-01-27,2020-04-02,806
2021-01-27,2020-04-03,839
2021-01-27,2020-04-04,905
2021-01-27,2020-04-05,915
2021-01-27,2020-04-06,892
2021-01-27,2020-04-07,999
2021-01-27,2020-04-08,1073
2021-01-27,2020-04-09,999
2021-01-27,2020-04-10,941
2021-01-27,2020-04-11,956
2021-01-27,2020-04-12,957
2021-01-27,2020-04-13,893
2021-01-27,2020-04-14,859
2021-01-27,2020-04-15,879
2021-01-27,2020-04-16,839
2021-01-27,2020-04-17,819
2021-01-27,2020-04-18,799
2021-01-27,2020-04-19,765
2021-01-27,2020-04-20,783
2021-01-27,2020-04-21,742
2021-01-27,2020-04-22,729
2021-01-27,2020-04-23,675
2021-01-27,2020-04-24,683
2021-01-27,2020-04-25,647
2021-01-27,2020-04-26,634
2021-01-27,2020-04-27,595
2021-01-27,2020-04-28,559
2021-01-27,2020-04-29,570
2021-01-27,2020-04-30,551
2021-01-27,2020-05-01,568
2021-01-27,2020-05-02,494
2021-01-27,2020-05-03,448
2021-01-27,2020-05-04,484
2021-01-27,2020-05-05,464
2021-01-27,2020-05-06,461
2021-01-27,2020-05-07,461
2021-01-27,2020-05-08,383
2021-01-27,2020-05-09,378
2021-01-27,2020-05-10,347
2021-01-27,2020-05-11,308
2021-01-27,2020-05-12,320
2021-01-27,2020-05-13,316
2021-01-27,2020-05-14,333
2021-01-27,2020-05-15,312
2021-01-27,2020-05-16,313
2021-01-27,2020-05-17,267
2021-01-27,2020-05-18,293
2021-01-27,2020-05-19,275
2021-01-27,2020-05-20,267
2021-01-27,2020-05-21,237
2021-01-27,2020-05-22,222
2021-01-27,2020-05-23,217
2021-01-27,2020-05-24,195
2021-01-27,2020-05-25,201
2021-01-27,2020-05-26,212
2021-01-27,2020-05-27,197
2021-01-27,2020-05-28,217
2021-01-27,2020-05-29,186
2021-01-27,2020-05-30,163
2021-01-27,2020-05-31,126
2021-01-27,2020-06-01,135
2021-01-27,2020-06-02,169
2021-01-27,2020-06-03,155
2021-01-27,2020-06-04,135
2021-01-27,2020-06-05,123
2021-01-27,2020-06-06,111
2021-01-27,2020-06-07,127
2021-01-27,2020-06-08,123
2021-01-27,2020-06-09,90
2021-01-27,2020-06-10,109
2021-01-27,2020-06-11,80
2021-01-27,2020-06-12,79
2021-01-27,2020-06-13,63
2021-01-27,2020-06-14,87
2021-01-27,2020-06-15,70
2021-01-27,2020-06-16,84
2021-01-27,2020-06-17,58
2021-01-27,2020-06-18,61
2021-01-27,2020-06-19,52
2021-01-27,2020-06-20,60
2021-01-27,2020-06-21,54
2021-01-27,2020-06-22,64
2021-01-27,2020-06-23,64
2021-01-27,2020-06-24,75
2021-01-27,2020-06-25,68
2021-01-27,2020-06-26,41
2021-01-27,2020-06-27,49
2021-01-27,2020-06-28,45
2021-01-27,2020-06-29,39
2021-01-27,2020-06-30,47
2021-01-27,2020-07-01,27
2021-01-27,2020-07-02,43
2021-01-27,2020-07-03,29
2021-01-27,2020-07-04,33
2021-01-27,2020-07-05,27
2021-01-27,2020-07-06,36
2021-01-27,2020-07-07,27
2021-01-27,2020-07-08,24
2021-01-27,2020-07-09,37
2021-01-27,2020-07-10,21
2021-01-27,2020-07-11,21
2021-01-27,2020-07-12,13
2021-01-27,2020-07-13,24
2021-01-27,2020-07-14,21
2021-01-27,2020-07-15,21
2021-01-27,2020-07-16,13
2021-01-27,2020-07-17,18
2021-01-27,2020-07-18,15
2021-01-27,2020-07-19,14
2021-01-27,2020-07-20,12
2021-01-27,2020-07-21,20
2021-01-27,2020-07-22,17
2021-01-27,2020-07-23,16
2021-01-27,2020-07-24,7
2021-01-27,2020-07-25,16
2021-01-27,2020-07-26,16
2021-01-27,2020-07-27,11
2021-01-27,2020-07-28,12
2021-01-27,2020-07-29,12
2021-01-27,2020-07-30,10
2021-01-27,2020-07-31,14
2021-01-27,2020-08-01,11
2021-01-27,2020-08-02,10
2021-01-27,2020-08-03,15
2021-01-27,2020-08-04,14
2021-01-27,2020-08-05,6
2021-01-27,2020-08-06,9
2021-01-27,2020-08-07,13
2021-01-27,2020-08-08,14
2021-01-27,2020-08-09,8
2021-01-27,2020-08-10,13
2021-01-27,2020-08-11,10
2021-01-27,2020-08-12,7
2021-01-27,2020-08-13,9
2021-01-27,2020-08-14,7
2021-01-27,2020-08-15,12
2021-01-27,2020-08-16,4
2021-01-27,2020-08-17,12
2021-01-27,2020-08-18,9
2021-01-27,2020-08-19,3
2021-01-27,2020-08-20,8
2021-01-27,2020-08-21,7
2021-01-27,2020-08-22,8
2021-01-27,2020-08-23,14
2021-01-27,2020-08-24,6
2021-01-27,2020-08-25,12
2021-01-27,2020-08-26,11
2021-01-27,2020-08-27,8
2021-01-27,2020-08-28,10
2021-01-27,2020-08-29,5
2021-01-27,2020-08-30,6
2021-01-27,2020-08-31,9
2021-01-27,2020-09-01,3
2021-01-27,2020-09-02,9
2021-01-27,2020-09-03,10
2021-01-27,2020-09-04,7
2021-01-27,2020-09-05,13
2021-01-27,2020-09-06,8
2021-01-27,2020-09-07,15
2021-01-27,2020-09-08,9
2021-01-27,2020-09-09,9
2021-01-27,2020-09-10,13
2021-01-27,2020-09-11,13
2021-01-27,2020-09-12,18
2021-01-27,2020-09-13,16
2021-01-27,2020-09-14,21
2021-01-27,2020-09-15,18
2021-01-27,2020-09-16,26
2021-01-27,2020-09-17,27
2021-01-27,2020-09-18,23
2021-01-27,2020-09-19,20
2021-01-27,2020-09-20,31
2021-01-27,2020-09-21,27
2021-01-27,2020-09-22,39
2021-01-27,2020-09-23,56
2021-01-27,2020-09-24,35
2021-01-27,2020-09-25,32
2021-01-27,2020-09-26,39
2021-01-27,2020-09-27,47
2021-01-27,2020-09-28,54
2021-01-27,2020-09-29,48
2021-01-27,2020-09-30,57
2021-01-27,2020-10-01,66
2021-01-27,2020-10-02,68
2021-01-27,2020-10-03,66
2021-01-27,2020-10-04,60
2021-01-27,2020-10-05,70
2021-01-27,2020-10-06,69
2021-01-27,2020-10-07,102
2021-01-27,2020-10-08,92
2021-01-27,2020-10-09,79
2021-01-27,2020-10-10,103
2021-01-27,2020-10-11,122
2021-01-27,2020-10-12,112
2021-01-27,2020-10-13,109
2021-01-27,2020-10-14,116
2021-01-27,2020-10-15,151
2021-01-27,2020-10-16,147
2021-01-27,2020-10-17,176
2021-01-27,2020-10-18,159
2021-01-27,2020-10-19,191
2021-01-27,2020-10-20,194
2021-01-27,2020-10-21,222
2021-01-27,2020-10-22,234
2021-01-27,2020-10-23,222
2021-01-27,2020-10-24,213
2021-01-27,2020-10-25,247
2021-01-27,2020-10-26,277
2021-01-27,2020-10-27,266
2021-01-27,2020-10-28,283
2021-01-27,2020-10-29,310
2021-01-27,2020-10-30,338
2021-01-27,2020-10-31,319
2021-01-27,2020-11-01,358
2021-01-27,2020-11-02,330
2021-01-27,2020-11-03,360
2021-01-27,2020-11-04,329
2021-01-27,2020-11-05,375
2021-01-27,2020-11-06,401
2021-01-27,2020-11-07,389
2021-01-27,2020-11-08,414
2021-01-27,2020-11-09,480
2021-01-27,2020-11-10,387
2021-01-27,2020-11-11,387
2021-01-27,2020-11-12,419
2021-01-27,2020-11-13,433
2021-01-27,2020-11-14,427
2021-01-27,2020-11-15,451
2021-01-27,2020-11-16,425
2021-01-27,2020-11-17,439
2021-01-27,2020-11-18,487
2021-01-27,2020-11-19,462
2021-01-27,2020-11-20,451
2021-01-27,2020-11-21,462
2021-01-27,2020-11-22,475
2021-01-27,2020-11-23,461
2021-01-27,2020-11-24,457
2021-01-27,2020-11-25,482
2021-01-27,2020-11-26,431
2021-01-27,2020-11-27,421
2021-01-27,2020-11-28,461
2021-01-27,2020-11-29,460
2021-01-27,2020-11-30,420
2021-01-27,2020-12-01,402
2021-01-27,2020-12-02,386
2021-01-27,2020-12-03,470
2021-01-27,2020-12-04,474
2021-01-27,2020-12-05,393
2021-01-27,2020-12-06,416
2021-01-27,2020-12-07,419
2021-01-27,2020-12-08,434
2021-01-27,2020-12-09,430
2021-01-27,2020-12-10,440
2021-01-27,2020-12-11,453
2021-01-27,2020-12-12,436
2021-01-27,2020-12-13,419
2021-01-27,2020-12-14,479
2021-01-27,2020-12-15,456
2021-01-27,2020-12-16,433
2021-01-27,2020-12-17,532
2021-01-27,2020-12-18,512
2021-01-27,2020-12-19,485
2021-01-27,2020-12-20,505
2021-01-27,2020-12-21,568
2021-01-27,2020-12-22,564
2021-01-27,2020-12-23,565
2021-01-27,2020-12-24,577
2021-01-27,2020-12-25,605
2021-01-27,2020-12-26,649
2021-01-27,2020-12-27,641
2021-01-27,2020-12-28,674
2021-01-27,2020-12-29,656
2021-01-27,2020-12-30,714
2021-01-27,2020-12-31,746
2021-01-27,2021-01-01,734
2021-01-27,2021-01-02,748
2021-01-27,2021-01-03,747
2021-01-27,2021-01-04,829
2021-01-27,2021-01-05,896
2021-01-27,2021-01-06,923
2021-01-27,2021-01-07,977
2021-01-27,2021-01-08,959
2021-01-27,2021-01-09,1001
2021-01-27,2021-01-10,1060
2021-01-27,2021-01-11,1113
2021-01-27,2021-01-12,1169
2021-01-27,2021-01-13,1155
2021-01-27,2021-01-14,1169
2021-01-27,2021-01-15,1145
2021-01-27,2021-01-16,1198
2021-01-27,2021-01-17,1164
2021-01-27,2021-01-18,1202
2021-01-27,2021-01-19,1192
2021-01-27,2021-01-20,1091
2021-01-27,2021-01-21,1011
2021-01-27,2021-01-22,856
2021-01-27,2021-01-23,703
2021-01-27,2021-01-24,613
2021-01-27,2021-01-25,316
2021-01-28,2020-02-29,0
2021-01-28,2020-03-01,0
2021-01-28,2020-03-02,1
2021-01-28,2020-03-03,2
2021-01-28,2020-03-04,0
2021-01-28,2020-03-05,3
2021-01-28,2020-03-06,0
2021-01-28,2020-03-07,0
2021-01-28,2020-03-08,3
2021-01-28,2020-03-09,5
2021-01-28,2020-03-10,3
2021-01-28,2020-03-11,8
2021-01-28,2020-03-12,13
2021-01-28,2020-03-13,16
2021-01-28,2020-03-14,22
2021-01-28,2020-03-15,32
2021-01-28,2020-03-16,43
2021-01-28,2020-03-17,52
2021-01-28,2020-03-18,68
2021-01-29,2020-02-29,0
2021-01-29,2020-03-01,0
2021-01-29,2020-03-02,1
2021-01-29,2020-03-03,2
2021-01-29,2020-03-04,0
2021-01-29,2020-03-05,3
2021-01-29,2020-03-06,0
2021-01-29,2020-03-07,0
2021-01-29,2020-03-08,3
2021-01-29,2020-03-09,5
2021-01-29,2020-03-10,3
2021-01-29,2020-03-11,8
2021-01-29,2020-03-12,13
2021-01-29,2020-03-13,16
2021-01-29,2020-03-14,22
2021-01-29,2020-03-15,32
2021-01-29,2020-03-16,46
2021-01-29,2020-03-17,52
2021-01-29,2020-03-18,68
2021-01-29,2020-03-19,74
2021-01-29,2020-03-20,109
2021-01-29,2020-03-21,131
2021-01-29,2020-03-22,165
2021-01-29,2020-03-23,186
2021-01-29,2020-03-24,237
2021-01-29,2020-03-25,302
2021-01-29,2020-03-26,360
2021-01-29,2020-03-27,398
2021-01-29,2020-03-28,436
2021-01-29,2020-03-29,507
2021-01-29,2020-03-30,586
2021-01-29,2020-03-31,661
2021-01-29,2020-04-01,767
2021-01-29,2020-04-02,805
2021-01-29,2020-04-03,839
2021-01-29,2020-04-04,905
2021-01-29,2020-04-05,915
2021-01-29,2020-04-06,892
2021-01-29,2020-04-07,999
2021-01-29,2020-04-08,1073
2021-01-29,2020-04-09,999
2021-01-29,2020-04-10,941
2021-01-29,2020-04-11,956
2021-01-29,2020-04-12,957
2021-01-29,2020-04-13,893
2021-01-29,2020-04-14,859
2021-01-29,2020-04-15,879
2021-01-29,2020-04-16,839
2021-01-29,2020-04-17,819
2021-01-29,2020-04-18,799
2021-01-29,2020-04-19,765
2021-01-29,2020-04-20,783
2021-01-29,2020-04-21,742
2021-01-29,2020-04-22,730
2021-01-29,2020-04-23,675
2021-01-29,2020-04-24,683
2021-01-29,2020-04-25,646
2021-01-29,2020-04-26,634
2021-01-29,2020-04-27,595
2021-01-29,2020-04-28,560
2021-01-29,2020-04-29,570
2021-01-29,2020-04-30,551
2021-01-29,2020-05-01,568
2021-01-29,2020-05-02,494
2021-01-29,2020-05-03,448
2021-01-29,2020-05-04,484
2021-01-29,2020-05-05,464
2021-01-29,2020-05-06,461
2021-01-29,2020-05-07,461
2021-01-29,2020-05-08,383
2021-01-29,2020-05-09,378
2021-01-29,2020-05-10,347
2021-01-29,2020-05-11,308
2021-01-29,2020-05-12,320
2021-01-29,2020-05-13,316
2021-01-29,2020-05-14,333
2021-01-29,2020-05-15,312
2021-01-29,2020-05-16,313
2021-01-29,2020-05-17,267
2021-01-29,2020-05-18,293
2021-01-29,2020-05-19,275
2021-01-29,2020-05-20,267
2021-01-29,2020-05-21,237
2021-01-29,2020-05-22,222
2021-01-29,2020-05-23,218
2021-01-29,2020-05-24,195
2021-01-29,2020-05-25,201
2021-01-29,2020-05-26,212
2021-01-29,2020-05-27,197
2021-01-29,2020-05-28,217
2021-01-29,2020-05-29,186
2021-01-29,2020-05-30,163
2021-01-29,2020-05-31,126
2021-01-29,2020-06-01,135
2021-01-29,2020-06-02,169
2021-01-29,2020-06-03,155
2021-01-29,2020-06-04,135
2021-01-29,2020-06-05,123
2021-01-29,2020-06-06,111
2021-01-29,2020-06-07,127
2021-01-29,2020-06-08,123
2021-01-29,2020-06-09,90
2021-01-29,2020-06-10,109
2021-01-29,2020-06-11,80
2021-01-29,2020-06-12,79
2021-01-29,2020-06-13,63
2021-01-29,2020-06-14,87
2021-01-29,2020-06-15,70
2021-01-29,2020-06-16,84
2021-01-29,2020-06-17,58
2021-01-29,2020-06-18,61
2021-01-29,2020-06-19,52
2021-01-29,2020-06-20,60
2021-01-29,2020-06-21,54
2021-01-29,2020-06-22,64
2021-01-29,2020-06-23,64
2021-01-29,2020-06-24,75
2021-01-29,2020-06-25,68
2021-01-29,2020-06-26,41
2021-01-29,2020-06-27,49
2021-01-29,2020-06-28,45
2021-01-29,2020-06-29,39
2021-01-29,2020-06-30,47
2021-01-29,2020-07-01,27
2021-01-29,2020-07-02,43
2021-01-29,2020-07-03,29
2021-01-29,2020-07-04,33
2021-01-29,2020-07-05,27
2021-01-29,2020-07-06,36
2021-01-29,2020-07-07,27
2021-01-29,2020-07-08,24
2021-01-29,2020-07-09,37
2021-01-29,2020-07-10,21
2021-01-29,2020-07-11,21
2021-01-29,2020-07-12,13
2021-01-29,2020-07-13,24
2021-01-29,2020-07-14,21
2021-01-29,2020-07-15,21
2021-01-29,2020-07-16,13
2021-01-29,2020-07-17,18
2021-01-29,2020-07-18,15
2021-01-29,2020-07-19,14
2021-01-29,2020-07-20,12
2021-01-29,2020-07-21,20
2021-01-29,2020-07-22,17
2021-01-29,2020-07-23,16
2021-01-29,2020-07-24,7
2021-01-29,2020-07-25,16
2021-01-29,2020-07-26,16
2021-01-29,2020-07-27,11
2021-01-29,2020-07-28,12
2021-01-29,2020-07-29,12
2021-01-29,2020-07-30,10
2021-01-29,2020-07-31,14
2021-01-29,2020-08-01,11
2021-01-29,2020-08-02,10
2021-01-29,2020-08-03,15
2021-01-29,2020-08-04,14
2021-01-29,2020-08-05,6
2021-01-29,2020-08-06,9
2021-01-29,2020-08-07,13
2021-01-29,2020-08-08,14
2021-01-29,2020-08-09,8
2021-01-29,2020-08-10,13
2021-01-29,2020-08-11,10
2021-01-29,2020-08-12,7
2021-01-29,2020-08-13,9
2021-01-29,2020-08-14,7
2021-01-29,2020-08-15,12
2021-01-29,2020-08-16,4
2021-01-29,2020-08-17,12
2021-01-29,2020-08-18,9
2021-01-29,2020-08-19,3
2021-01-29,2020-08-20,8
2021-01-29,2020-08-21,7
2021-01-29,2020-08-22,8
2021-01-29,2020-08-23,14
2021-01-29,2020-08-24,6
2021-01-29,2020-08-25,12
2021-01-29,2020-08-26,11
2021-01-29,2020-08-27,8
2021-01-29,2020-08-28,10
2021-01-29,2020-08-29,5
2021-01-29,2020-08-30,6
2021-01-29,2020-08-31,9
2021-01-29,2020-09-01,3
2021-01-29,2020-09-02,9
2021-01-29,2020-09-03,10
2021-01-29,2020-09-04,7
2021-01-29,2020-09-05,13
2021-01-29,2020-09-06,8
2021-01-29,2020-09-07,15
2021-01-29,2020-09-08,9
2021-01-29,2020-09-09,9
2021-01-29,2020-09-10,13
2021-01-29,2020-09-11,13
2021-01-29,2020-09-12,18
2021-01-29,2020-09-13,16
2021-01-29,2020-09-14,21
2021-01-29,2020-09-15,18
2021-01-29,2020-09-16,26
2021-01-29,2020-09-17,27
2021-01-29,2020-09-18,23
2021-01-29,2020-09-19,20
2021-01-29,2020-09-20,31
2021-01-29,2020-09-21,27
2021-01-29,2020-09-22,39
2021-01-29,2020-09-23,56
2021-01-29,2020-09-24,35
2021-01-29,2020-09-25,32
2021-01-29,2020-09-26,39
2021-01-29,2020-09-27,47
2021-01-29,2020-09-28,54
2021-01-29,2020-09-29,48
2021-01-29,2020-09-30,57
2021-01-29,2020-10-01,66
2021-01-29,2020-10-02,68
2021-01-29,2020-10-03,66
2021-01-29,2020-10-04,60
2021-01-29,2020-10-05,70
2021-01-29,2020-10-06,69
2021-01-29,2020-10-07,102
2021-01-29,2020-10-08,92
2021-01-29,2020-10-09,79
2021-01-29,2020-10-10,103
2021-01-29,2020-10-11,122
2021-01-29,2020-10-12,112
2021-01-29,2020-10-13,109
2021-01-29,2020-10-14,116
2021-01-29,2020-10-15,151
2021-01-29,2020-10-16,147
2021-01-29,2020-10-17,176
2021-01-29,2020-10-18,159
2021-01-29,2020-10-19,191
2021-01-29,2020-10-20,194
2021-01-29,2020-10-21,222
2021-01-29,2020-10-22,234
2021-01-29,2020-10-23,222
2021-01-29,2020-10-24,213
2021-01-29,2020-10-25,247
2021-01-29,2020-10-26,277
2021-01-29,2020-10-27,266
2021-01-29,2020-10-28,283
2021-01-29,2020-10-29,310
2021-01-29,2020-10-30,338
2021-01-29,2020-10-31,319
2021-01-29,2020-11-01,358
2021-01-29,2020-11-02,330
2021-01-29,2020-11-03,361
2021-01-29,2020-11-04,329
2021-01-29,2020-11-05,375
2021-01-29,2020-11-06,401
2021-01-29,2020-11-07,390
2021-01-29,2020-11-08,413
2021-01-29,2020-11-09,480
2021-01-29,2020-11-10,387
2021-01-29,2020-11-11,387
2021-01-29,2020-11-12,419
2021-01-29,2020-11-13,433
2021-01-29,2020-11-14,427
2021-01-29,2020-11-15,452
2021-01-29,2020-11-16,425
2021-01-29,2020-11-17,440
2021-01-29,2020-11-18,485
2021-01-29,2020-11-19,462
2021-01-29,2020-11-20,451
2021-01-29,2020-11-21,462
2021-01-29,2020-11-22,476
2021-01-29,2020-11-23,462
2021-01-29,2020-11-24,457
2021-01-29,2020-11-25,481
2021-01-29,2020-11-26,433
2021-01-29,2020-11-27,419
2021-01-29,2020-11-28,461
2021-01-29,2020-11-29,460
2021-01-29,2020-11-30,421
2021-01-29,2020-12-01,404
2021-01-29,2020-12-02,385
2021-01-29,2020-12-03,470
2021-01-29,2020-12-04,472
2021-01-29,2020-12-05,394
2021-01-29,2020-12-06,415
2021-01-29,2020-12-07,420
2021-01-29,2020-12-08,435
2021-01-29,2020-12-09,429
2021-01-29,2020-12-10,442
2021-01-29,2020-12-11,453
2021-01-29,2020-12-12,436
2021-01-29,2020-12-13,419
2021-01-29,2020-12-14,479
2021-01-29,2020-12-15,455
2021-01-29,2020-12-16,433
2021-01-29,2020-12-17,531
2021-01-29,2020-12-18,514
2021-01-29,2020-12-19,486
2021-01-29,2020-12-20,503
2021-01-29,2020-12-21,569
2021-01-29,2020-12-22,561
2021-01-29,2020-12-23,565
2021-01-29,2020-12-24,581
2021-01-29,2020-12-25,608
2021-01-29,2020-12-26,649
2021-01-29,2020-12-27,641
2021-01-29,2020-12-28,675
2021-01-29,2020-12-29,654
2021-01-29,2020-12-30,713
2021-01-29,2020-12-31,748
2021-01-29,2021-01-01,738
2021-01-29,2021-01-02,750
2021-01-29,2021-01-03,749
2021-01-29,2021-01-04,831
2021-01-29,2021-01-05,901
2021-01-29,2021-01-06,926
2021-01-29,2021-01-07,982
2021-01-29,2021-01-08,973
2021-01-29,2021-01-09,1005
2021-01-29,2021-01-10,1071
2021-01-29,2021-01-11,1119
2021-01-29,2021-01-12,1181
2021-01-29,2021-01-13,1177
2021-01-29,2021-01-14,1184
2021-01-29,2021-01-15,1189
2021-01-29,2021-01-16,1272
2021-01-29,2021-01-17,1196
2021-01-29,2021-01-18,1250
2021-01-29,2021-01-19,1266
2021-01-29,2021-01-20,1176
2021-01-29,2021-01-21,1121
2021-01-29,2021-01-22,1057
2021-01-29,2021-01-23,943
2021-01-29,2021-01-24,947
2021-01-29,2021-01-25,961
2021-01-29,2021-01-26,681
2021-01-29,2021-01-27,281
2021-01-30,2020-02-29,0
2021-01-30,2020-03-01,0
2021-01-30,2020-03-02,1
2021-01-30,2020-03-03,2
2021-01-30,2020-03-04,0
2021-01-30,2020-03-05,3
2021-01-30,2020-03-06,0
2021-01-30,2020-03-07,0
2021-01-30,2020-03-08,3
2021-01-30,2020-03-09,5
2021-01-30,2020-03-10,3
2021-01-30,2020-03-11,8
2021-01-30,2020-03-12,13
2021-01-30,2020-03-13,16
2021-01-30,2020-03-14,22
2021-01-30,2020-03-15,32
2021-01-30,2020-03-16,46
2021-01-30,2020-03-17,52
2021-01-30,2020-03-18,68
2021-01-30,2020-03-19,74
2021-01-30,2020-03-20,109
2021-01-30,2020-03-21,131
2021-01-30,2020-03-22,165
2021-01-30,2020-03-23,186
2021-01-30,2020-03-24,237
2021-01-30,2020-03-25,302
2021-01-30,2020-03-26,360
2021-01-30,2020-03-27,398
2021-01-30,2020-03-28,436
2021-01-30,2020-03-29,507
2021-01-30,2020-03-30,586
2021-01-30,2020-03-31,661
2021-01-30,2020-04-01,767
2021-01-30,2020-04-02,806
2021-01-30,2020-04-03,839
2021-01-30,2020-04-04,905
2021-01-30,2020-04-05,915
2021-01-30,2020-04-06,892
2021-01-30,2020-04-07,999
2021-01-30,2020-04-08,1073
2021-01-30,2020-04-09,999
2021-01-30,2020-04-10,941
2021-01-30,2020-04-11,956
2021-01-30,2020-04-12,957
2021-01-30,2020-04-13,893
2021-01-30,2020-04-14,859
2021-01-30,2020-04-15,879
2021-01-30,2020-04-16,839
2021-01-30,2020-04-17,819
2021-01-30,2020-04-18,799
2021-01-30,2020-04-19,765
2021-01-30,2020-04-20,783
2021-01-30,2020-04-21,742
2021-01-30,2020-04-22,729
2021-01-30,2020-04-23,675
2021-01-30,2020-04-24,683
2021-01-30,2020-04-25,647
2021-01-30,2020-04-26,634
2021-01-30,2020-04-27,595
2021-01-30,2020-04-28,559
2021-01-30,2020-04-29,570
2021-01-30,2020-04-30,551
2021-01-30,2020-05-01,568
2021-01-30,2020-05-02,494
2021-01-30,2020-05-03,448
2021-01-30,2020-05-04,484
2021-01-30,2020-05-05,464
2021-01-30,2020-05-06,461
2021-01-30,2020-05-07,461
2021-01-30,2020-05-08,383
2021-01-30,2020-05-09,378
2021-01-30,2020-05-10,347
2021-01-30,2020-05-11,308
2021-01-30,2020-05-12,320
2021-01-30,2020-05-13,316
2021-01-30,2020-05-14,333
2021-01-30,2020-05-15,312
2021-01-30,2020-05-16,313
2021-01-30,2020-05-17,267
2021-01-30,2020-05-18,293
2021-01-30,2020-05-19,275
2021-01-30,2020-05-20,267
2021-01-30,2020-05-21,237
2021-01-30,2020-05-22,222
2021-01-30,2020-05-23,218
2021-01-30,2020-05-24,195
2021-01-30,2020-05-25,201
2021-01-30,2020-05-26,212
2021-01-30,2020-05-27,197
2021-01-30,2020-05-28,217
2021-01-30,2020-05-29,186
2021-01-30,2020-05-30,163
2021-01-30,2020-05-31,126
2021-01-30,2020-06-01,135
2021-01-30,2020-06-02,169
2021-01-30,2020-06-03,155
2021-01-30,2020-06-04,135
2021-01-30,2020-06-05,123
2021-01-30,2020-06-06,111
2021-01-30,2020-06-07,127
2021-01-30,2020-06-08,123
2021-01-30,2020-06-09,90
2021-01-30,2020-06-10,109
2021-01-30,2020-06-11,80
2021-01-30,2020-06-12,79
2021-01-30,2020-06-13,63
2021-01-30,2020-06-14,87
2021-01-30,2020-06-15,70
2021-01-30,2020-06-16,84
2021-01-30,2020-06-17,58
2021-01-30,2020-06-18,61
2021-01-30,2020-06-19,52
2021-01-30,2020-06-20,60
2021-01-30,2020-06-21,54
2021-01-30,2020-06-22,64
2021-01-30,2020-06-23,64
2021-01-30,2020-06-24,75
2021-01-30,2020-06-25,68
2021-01-30,2020-06-26,41
2021-01-30,2020-06-27,49
2021-01-30,2020-06-28,45
2021-01-30,2020-06-29,39
2021-01-30,2020-06-30,47
2021-01-30,2020-07-01,27
2021-01-30,2020-07-02,43
2021-01-30,2020-07-03,29
2021-01-30,2020-07-04,33
2021-01-30,2020-07-05,27
2021-01-30,2020-07-06,36
2021-01-30,2020-07-07,27
2021-01-30,2020-07-08,24
2021-01-30,2020-07-09,37
2021-01-30,2020-07-10,21
2021-01-30,2020-07-11,21
2021-01-30,2020-07-12,13
2021-01-30,2020-07-13,24
2021-01-30,2020-07-14,21
2021-01-30,2020-07-15,21
2021-01-30,2020-07-16,13
2021-01-30,2020-07-17,18
2021-01-30,2020-07-18,15
2021-01-30,2020-07-19,14
2021-01-30,2020-07-20,12
2021-01-30,2020-07-21,20
2021-01-30,2020-07-22,17
2021-01-30,2020-07-23,16
2021-01-30,2020-07-24,7
2021-01-30,2020-07-25,16
2021-01-30,2020-07-26,16
2021-01-30,2020-07-27,11
2021-01-30,2020-07-28,12
2021-01-30,2020-07-29,12
2021-01-30,2020-07-30,10
2021-01-30,2020-07-31,14
2021-01-30,2020-08-01,11
2021-01-30,2020-08-02,10
2021-01-30,2020-08-03,15
2021-01-30,2020-08-04,14
2021-01-30,2020-08-05,6
2021-01-30,2020-08-06,9
2021-01-30,2020-08-07,13
2021-01-30,2020-08-08,14
2021-01-30,2020-08-09,8
2021-01-30,2020-08-10,13
2021-01-30,2020-08-11,10
2021-01-30,2020-08-12,7
2021-01-30,2020-08-13,9
2021-01-30,2020-08-14,7
2021-01-30,2020-08-15,12
2021-01-30,2020-08-16,4
2021-01-30,2020-08-17,12
2021-01-30,2020-08-18,9
2021-01-30,2020-08-19,3
2021-01-30,2020-08-20,8
2021-01-30,2020-08-21,7
2021-01-30,2020-08-22,8
2021-01-30,2020-08-23,14
2021-01-30,2020-08-24,6
2021-01-30,2020-08-25,12
2021-01-30,2020-08-26,11
2021-01-30,2020-08-27,8
2021-01-30,2020-08-28,10
2021-01-30,2020-08-29,5
2021-01-30,2020-08-30,6
2021-01-30,2020-08-31,9
2021-01-30,2020-09-01,3
2021-01-30,2020-09-02,9
2021-01-30,2020-09-03,10
2021-01-30,2020-09-04,7
2021-01-30,2020-09-05,13
2021-01-30,2020-09-06,8
2021-01-30,2020-09-07,15
2021-01-30,2020-09-08,9
2021-01-30,2020-09-09,9
2021-01-30,2020-09-10,13
2021-01-30,2020-09-11,13
2021-01-30,2020-09-12,18
2021-01-30,2020-09-13,16
2021-01-30,2020-09-14,21
2021-01-30,2020-09-15,18
2021-01-30,2020-09-16,26
2021-01-30,2020-09-17,27
2021-01-30,2020-09-18,23
2021-01-30,2020-09-19,20
2021-01-30,2020-09-20,31
2021-01-30,2020-09-21,27
2021-01-30,2020-09-22,39
2021-01-30,2020-09-23,56
2021-01-30,2020-09-24,35
2021-01-30,2020-09-25,32
2021-01-30,2020-09-26,39
2021-01-30,2020-09-27,47
2021-01-30,2020-09-28,54
2021-01-30,2020-09-29,48
2021-01-30,2020-09-30,57
2021-01-30,2020-10-01,66
2021-01-30,2020-10-02,68
2021-01-30,2020-10-03,66
2021-01-30,2020-10-04,60
2021-01-30,2020-10-05,70
2021-01-30,2020-10-06,69
2021-01-30,2020-10-07,102
2021-01-30,2020-10-08,92
2021-01-30,2020-10-09,79
2021-01-30,2020-10-10,103
2021-01-30,2020-10-11,122
2021-01-30,2020-10-12,112
2021-01-30,2020-10-13,109
2021-01-30,2020-10-14,116
2021-01-30,2020-10-15,151
2021-01-30,2020-10-16,147
2021-01-30,2020-10-17,176
2021-01-30,2020-10-18,159
2021-01-30,2020-10-19,191
2021-01-30,2020-10-20,194
2021-01-30,2020-10-21,222
2021-01-30,2020-10-22,234
2021-01-30,2020-10-23,222
2021-01-30,2020-10-24,213
2021-01-30,2020-10-25,247
2021-01-30,2020-10-26,277
2021-01-30,2020-10-27,266
2021-01-30,2020-10-28,283
2021-01-30,2020-10-29,310
2021-01-30,2020-10-30,338
2021-01-30,2020-10-31,319
2021-01-30,2020-11-01,358
2021-01-30,2020-11-02,330
2021-01-30,2020-11-03,361
2021-01-30,2020-11-04,329
2021-01-30,2020-11-05,374
2021-01-30,2020-11-06,401
2021-01-30,2020-11-07,389
2021-01-30,2020-11-08,414
2021-01-30,2020-11-09,480
2021-01-30,2020-11-10,387
2021-01-30,2020-11-11,387
2021-01-30,2020-11-12,419
2021-01-30,2020-11-13,431
2021-01-30,2020-11-14,427
2021-01-30,2020-11-15,451
2021-01-30,2020-11-16,423
2021-01-30,2020-11-17,440
2021-01-30,2020-11-18,485
2021-01-30,2020-11-19,461
2021-01-30,2020-11-20,450
2021-01-30,2020-11-21,462
2021-01-30,2020-11-22,473
2021-01-30,2020-11-23,463
2021-01-30,2020-11-24,458
2021-01-30,2020-11-25,481
2021-01-30,2020-11-26,434
2021-01-30,2020-11-27,419
2021-01-30,2020-11-28,462
2021-01-30,2020-11-29,462
2021-01-30,2020-11-30,421
2021-01-30,2020-12-01,402
2021-01-30,2020-12-02,387
2021-01-30,2020-12-03,469
2021-01-30,2020-12-04,474
2021-01-30,2020-12-05,393
2021-01-30,2020-12-06,414
2021-01-30,2020-12-07,423
2021-01-30,2020-12-08,434
2021-01-30,2020-12-09,428
2021-01-30,2020-12-10,444
2021-01-30,2020-12-11,450
2021-01-30,2020-12-12,436
2021-01-30,2020-12-13,418
2021-01-30,2020-12-14,479
2021-01-30,2020-12-15,455
2021-01-30,2020-12-16,435
2021-01-30,2020-12-17,531
2021-01-30,2020-12-18,511
2021-01-30,2020-12-19,487
2021-01-30,2020-12-20,503
2021-01-30,2020-12-21,569
2021-01-30,2020-12-22,564
2021-01-30,2020-12-23,565
2021-01-30,2020-12-24,581
2021-01-30,2020-12-25,608
2021-01-30,2020-12-26,649
2021-01-30,2020-12-27,642
2021-01-30,2020-12-28,674
2021-01-30,2020-12-29,656
2021-01-30,2020-12-30,715
2021-01-30,2020-12-31,746
2021-01-30,2021-01-01,741
2021-01-30,2021-01-02,746
2021-01-30,2021-01-03,750
2021-01-30,2021-01-04,832
2021-01-30,2021-01-05,905
2021-01-30,2021-01-06,925
2021-01-30,2021-01-07,986
2021-01-30,2021-01-08,973
2021-01-30,2021-01-09,1010
2021-01-30,2021-01-10,1071
2021-01-30,2021-01-11,1124
2021-01-30,2021-01-12,1192
2021-01-30,2021-01-13,1191
2021-01-30,2021-01-14,1190
2021-01-30,2021-01-15,1205
2021-01-30,2021-01-16,1264
2021-01-30,2021-01-17,1224
2021-01-30,2021-01-18,1274
2021-01-30,2021-01-19,1290
2021-01-30,2021-01-20,1194
2021-01-30,2021-01-21,1160
2021-01-30,2021-01-22,1110
2021-01-30,2021-01-23,990
2021-01-30,2021-01-24,994
2021-01-30,2021-01-25,1033
2021-01-30,2021-01-26,836
2021-01-30,2021-01-27,694
2021-01-30,2021-01-28,267
2021-01-31,2020-02-29,0
2021-01-31,2020-03-01,0
2021-01-31,2020-03-02,1
2021-01-31,2020-03-03,2
2021-01-31,2020-03-04,0
2021-01-31,2020-03-05,3
2021-01-31,2020-03-06,0
2021-01-31,2020-03-07,0
2021-01-31,2020-03-08,3
2021-01-31,2020-03-09,5
2021-01-31,2020-03-10,3
2021-01-31,2020-03-11,8
2021-01-31,2020-03-12,13
2021-01-31,2020-03-13,16
2021-01-31,2020-03-14,22
2021-01-31,2020-03-15,32
2021-01-31,2020-03-16,46
2021-01-31,2020-03-17,52
2021-01-31,2020-03-18,68
2021-01-31,2020-03-19,74
2021-01-31,2020-03-20,109
2021-01-31,2020-03-21,131
2021-01-31,2020-03-22,165
2021-01-31,2020-03-23,186
2021-01-31,2020-03-24,237
2021-01-31,2020-03-25,302
2021-01-31,2020-03-26,360
2021-01-31,2020-03-27,398
2021-01-31,2020-03-28,436
2021-01-31,2020-03-29,507
2021-01-31,2020-03-30,586
2021-01-31,2020-03-31,661
2021-01-31,2020-04-01,767
2021-01-31,2020-04-02,806
2021-01-31,2020-04-03,839
2021-01-31,2020-04-04,905
2021-01-31,2020-04-05,915
2021-01-31,2020-04-06,892
2021-01-31,2020-04-07,999
2021-01-31,2020-04-08,1073
2021-01-31,2020-04-09,999
2021-01-31,2020-04-10,941
2021-01-31,2020-04-11,956
2021-01-31,2020-04-12,957
2021-01-31,2020-04-13,893
2021-01-31,2020-04-14,859
2021-01-31,2020-04-15,879
2021-01-31,2020-04-16,839
2021-01-31,2020-04-17,819
2021-01-31,2020-04-18,799
2021-01-31,2020-04-19,765
2021-01-31,2020-04-20,783
2021-01-31,2020-04-21,742
2021-01-31,2020-04-22,729
2021-01-31,2020-04-23,675
2021-01-31,2020-04-24,683
2021-01-31,2020-04-25,647
2021-01-31,2020-04-26,634
2021-01-31,2020-04-27,595
2021-01-31,2020-04-28,559
2021-01-31,2020-04-29,570
2021-01-31,2020-04-30,551
2021-01-31,2020-05-01,568
2021-01-31,2020-05-02,494
2021-01-31,2020-05-03,448
2021-01-31,2020-05-04,484
2021-01-31,2020-05-05,464
2021-01-31,2020-05-06,461
2021-01-31,2020-05-07,461
2021-01-31,2020-05-08,383
2021-01-31,2020-05-09,378
2021-01-31,2020-05-10,347
2021-01-31,2020-05-11,308
2021-01-31,2020-05-12,320
2021-01-31,2020-05-13,316
2021-01-31,2020-05-14,333
2021-01-31,2020-05-15,312
2021-01-31,2020-05-16,313
2021-01-31,2020-05-17,267
2021-01-31,2020-05-18,293
2021-01-31,2020-05-19,275
2021-01-31,2020-05-20,267
2021-01-31,2020-05-21,237
2021-01-31,2020-05-22,222
2021-01-31,2020-05-23,218
2021-01-31,2020-05-24,195
2021-01-31,2020-05-25,201
2021-01-31,2020-05-26,212
2021-01-31,2020-05-27,197
2021-01-31,2020-05-28,217
2021-01-31,2020-05-29,186
2021-01-31,2020-05-30,163
2021-01-31,2020-05-31,126
2021-01-31,2020-06-01,135
2021-01-31,2020-06-02,169
2021-01-31,2020-06-03,155
2021-01-31,2020-06-04,135
2021-01-31,2020-06-05,123
2021-01-31,2020-06-06,111
2021-01-31,2020-06-07,127
2021-01-31,2020-06-08,123
2021-01-31,2020-06-09,90
2021-01-31,2020-06-10,109
2021-01-31,2020-06-11,80
2021-01-31,2020-06-12,79
2021-01-31,2020-06-13,63
2021-01-31,2020-06-14,87
2021-01-31,2020-06-15,70
2021-01-31,2020-06-16,84
2021-01-31,2020-06-17,58
2021-01-31,2020-06-18,61
2021-01-31,2020-06-19,52
2021-01-31,2020-06-20,60
2021-01-31,2020-06-21,54
2021-01-31,2020-06-22,64
2021-01-31,2020-06-23,64
2021-01-31,2020-06-24,75
2021-01-31,2020-06-25,68
2021-01-31,2020-06-26,41
2021-01-31,2020-06-27,49
2021-01-31,2020-06-28,45
2021-01-31,2020-06-29,39
2021-01-31,2020-06-30,47
2021-01-31,2020-07-01,27
2021-01-31,2020-07-02,43
2021-01-31,2020-07-03,29
2021-01-31,2020-07-04,33
2021-01-31,2020-07-05,27
2021-01-31,2020-07-06,36
2021-01-31,2020-07-07,27
2021-01-31,2020-07-08,24
2021-01-31,2020-07-09,37
2021-01-31,2020-07-10,21
2021-01-31,2020-07-11,21
2021-01-31,2020-07-12,13
2021-01-31,2020-07-13,24
2021-01-31,2020-07-14,21
2021-01-31,2020-07-15,21
2021-01-31,2020-07-16,13
2021-01-31,2020-07-17,18
2021-01-31,2020-07-18,15
2021-01-31,2020-07-19,14
2021-01-31,2020-07-20,12
2021-01-31,2020-07-21,20
2021-01-31,2020-07-22,17
2021-01-31,2020-07-23,16
2021-01-31,2020-07-24,7
2021-01-31,2020-07-25,16
2021-01-31,2020-07-26,16
2021-01-31,2020-07-27,11
2021-01-31,2020-07-28,12
2021-01-31,2020-07-29,12
2021-01-31,2020-07-30,10
2021-01-31,2020-07-31,14
2021-01-31,2020-08-01,11
2021-01-31,2020-08-02,10
2021-01-31,2020-08-03,15
2021-01-31,2020-08-04,14
2021-01-31,2020-08-05,6
2021-01-31,2020-08-06,9
2021-01-31,2020-08-07,13
2021-01-31,2020-08-08,14
2021-01-31,2020-08-09,8
2021-01-31,2020-08-10,13
2021-01-31,2020-08-11,10
2021-01-31,2020-08-12,7
2021-01-31,2020-08-13,9
2021-01-31,2020-08-14,7
2021-01-31,2020-08-15,12
2021-01-31,2020-08-16,4
2021-01-31,2020-08-17,12
2021-01-31,2020-08-18,9
2021-01-31,2020-08-19,3
2021-01-31,2020-08-20,8
2021-01-31,2020-08-21,7
2021-01-31,2020-08-22,8
2021-01-31,2020-08-23,14
2021-01-31,2020-08-24,6
2021-01-31,2020-08-25,12
2021-01-31,2020-08-26,11
2021-01-31,2020-08-27,8
2021-01-31,2020-08-28,10
2021-01-31,2020-08-29,5
2021-01-31,2020-08-30,6
2021-01-31,2020-08-31,9
2021-01-31,2020-09-01,3
2021-01-31,2020-09-02,9
2021-01-31,2020-09-03,10
2021-01-31,2020-09-04,7
2021-01-31,2020-09-05,13
2021-01-31,2020-09-06,8
2021-01-31,2020-09-07,15
2021-01-31,2020-09-08,9
2021-01-31,2020-09-09,9
2021-01-31,2020-09-10,13
2021-01-31,2020-09-11,13
2021-01-31,2020-09-12,18
2021-01-31,2020-09-13,16
2021-01-31,2020-09-14,21
2021-01-31,2020-09-15,18
2021-01-31,2020-09-16,26
2021-01-31,2020-09-17,27
2021-01-31,2020-09-18,23
2021-01-31,2020-09-19,20
2021-01-31,2020-09-20,31
2021-01-31,2020-09-21,27
2021-01-31,2020-09-22,39
2021-01-31,2020-09-23,56
2021-01-31,2020-09-24,35
2021-01-31,2020-09-25,32
2021-01-31,2020-09-26,39
2021-01-31,2020-09-27,47
2021-01-31,2020-09-28,54
2021-01-31,2020-09-29,48
2021-01-31,2020-09-30,57
2021-01-31,2020-10-01,66
2021-01-31,2020-10-02,68
2021-01-31,2020-10-03,66
2021-01-31,2020-10-04,60
2021-01-31,2020-10-05,70
2021-01-31,2020-10-06,69
2021-01-31,2020-10-07,102
2021-01-31,2020-10-08,92
2021-01-31,2020-10-09,79
2021-01-31,2020-10-10,103
2021-01-31,2020-10-11,122
2021-01-31,2020-10-12,112
2021-01-31,2020-10-13,110
2021-01-31,2020-10-14,115
2021-01-31,2020-10-15,151
2021-01-31,2020-10-16,147
2021-01-31,2020-10-17,176
2021-01-31,2020-10-18,159
2021-01-31,2020-10-19,191
2021-01-31,2020-10-20,194
2021-01-31,2020-10-21,222
2021-01-31,2020-10-22,234
2021-01-31,2020-10-23,222
2021-01-31,2020-10-24,213
2021-01-31,2020-10-25,247
2021-01-31,2020-10-26,277
2021-01-31,2020-10-27,266
2021-01-31,2020-10-28,283
2021-01-31,2020-10-29,310
2021-01-31,2020-10-30,338
2021-01-31,2020-10-31,319
2021-01-31,2020-11-01,358
2021-01-31,2020-11-02,330
2021-01-31,2020-11-03,361
2021-01-31,2020-11-04,329
2021-01-31,2020-11-05,374
2021-01-31,2020-11-06,402
2021-01-31,2020-11-07,390
2021-01-31,2020-11-08,413
2021-01-31,2020-11-09,480
2021-01-31,2020-11-10,387
2021-01-31,2020-11-11,387
2021-01-31,2020-11-12,419
2021-01-31,2020-11-13,432
2021-01-31,2020-11-14,427
2021-01-31,2020-11-15,451
2021-01-31,2020-11-16,423
2021-01-31,2020-11-17,438
2021-01-31,2020-11-18,486
2021-01-31,2020-11-19,461
2021-01-31,2020-11-20,450
2021-01-31,2020-11-21,463
2021-01-31,2020-11-22,473
2021-01-31,2020-11-23,464
2021-01-31,2020-11-24,457
2021-01-31,2020-11-25,481
2021-01-31,2020-11-26,434
2021-01-31,2020-11-27,421
2021-01-31,2020-11-28,462
2021-01-31,2020-11-29,459
2021-01-31,2020-11-30,421
2021-01-31,2020-12-01,403
2021-01-31,2020-12-02,387
2021-01-31,2020-12-03,470
2021-01-31,2020-12-04,474
2021-01-31,2020-12-05,391
2021-01-31,2020-12-06,415
2021-01-31,2020-12-07,422
2021-01-31,2020-12-08,435
2021-01-31,2020-12-09,427
2021-01-31,2020-12-10,444
2021-01-31,2020-12-11,451
2021-01-31,2020-12-12,437
2021-01-31,2020-12-13,418
2021-01-31,2020-12-14,479
2021-01-31,2020-12-15,454
2021-01-31,2020-12-16,434
2021-01-31,2020-12-17,533
2021-01-31,2020-12-18,512
2021-01-31,2020-12-19,486
2021-01-31,2020-12-20,503
2021-01-31,2020-12-21,570
2021-01-31,2020-12-22,563
2021-01-31,2020-12-23,565
2021-01-31,2020-12-24,582
2021-01-31,2020-12-25,607
2021-01-31,2020-12-26,650
2021-01-31,2020-12-27,643
2021-01-31,2020-12-28,674
2021-01-31,2020-12-29,660
2021-01-31,2020-12-30,715
2021-01-31,2020-12-31,747
2021-01-31,2021-01-01,740
2021-01-31,2021-01-02,749
2021-01-31,2021-01-03,752
2021-01-31,2021-01-04,832
2021-01-31,2021-01-05,903
2021-01-31,2021-01-06,927
2021-01-31,2021-01-07,986
2021-01-31,2021-01-08,973
2021-01-31,2021-01-09,1011
2021-01-31,2021-01-10,1078
2021-01-31,2021-01-11,1123
2021-01-31,2021-01-12,1193
2021-01-31,2021-01-13,1196
2021-01-31,2021-01-14,1187
2021-01-31,2021-01-15,1204
2021-01-31,2021-01-16,1272
2021-01-31,2021-01-17,1225
2021-01-31,2021-01-18,1291
2021-01-31,2021-01-19,1301
2021-01-31,2021-01-20,1216
2021-01-31,2021-01-21,1185
2021-01-31,2021-01-22,1134
2021-01-31,2021-01-23,1033
2021-01-31,2021-01-24,1031
2021-01-31,2021-01-25,1056
2021-01-31,2021-01-26,897
2021-01-31,2021-01-27,869
2021-01-31,2021-01-28,701
2021-02-01,2020-02-29,0
2021-02-01,2020-03-01,0
2021-02-01,2020-03-02,1
2021-02-01,2020-03-03,2
2021-02-01,2020-03-04,0
2021-02-01,2020-03-05,3
2021-02-01,2020-03-06,0
2021-02-01,2020-03-07,0
2021-02-01,2020-03-08,3
2021-02-01,2020-03-09,5
2021-02-01,2020-03-10,3
2021-02-01,2020-03-11,8
2021-02-01,2020-03-12,13
2021-02-01,2020-03-13,16
2021-02-01,2020-03-14,22
2021-02-01,2020-03-15,32
2021-02-01,2020-03-16,46
2021-02-01,2020-03-17,52
2021-02-01,2020-03-18,68
2021-02-01,2020-03-19,74
2021-02-01,2020-03-20,109
2021-02-01,2020-03-21,131
2021-02-01,2020-03-22,165
2021-02-01,2020-03-23,186
2021-02-01,2020-03-24,237
2021-02-01,2020-03-25,302
2021-02-01,2020-03-26,360
2021-02-01,2020-03-27,398
2021-02-01,2020-03-28,436
2021-02-01,2020-03-29,507
2021-02-01,2020-03-30,586
2021-02-01,2020-03-31,661
2021-02-01,2020-04-01,767
2021-02-01,2020-04-02,806
2021-02-01,2020-04-03,839
2021-02-01,2020-04-04,905
2021-02-01,2020-04-05,915
2021-02-01,2020-04-06,892
2021-02-01,2020-04-07,999
2021-02-01,2020-04-08,1073
2021-02-01,2020-04-09,999
2021-02-01,2020-04-10,941
2021-02-01,2020-04-11,956
2021-02-01,2020-04-12,957
2021-02-01,2020-04-13,893
2021-02-01,2020-04-14,859
2021-02-01,2020-04-15,879
2021-02-01,2020-04-16,839
2021-02-01,2020-04-17,819
2021-02-01,2020-04-18,799
2021-02-01,2020-04-19,765
2021-02-01,2020-04-20,783
2021-02-01,2020-04-21,742
2021-02-01,2020-04-22,729
2021-02-01,2020-04-23,675
2021-02-01,2020-04-24,683
2021-02-01,2020-04-25,646
2021-02-01,2020-04-26,634
2021-02-01,2020-04-27,595
2021-02-01,2020-04-28,560
2021-02-01,2020-04-29,570
2021-02-01,2020-04-30,551
2021-02-01,2020-05-01,568
2021-02-01,2020-05-02,494
2021-02-01,2020-05-03,448
2021-02-01,2020-05-04,484
2021-02-01,2020-05-05,464
2021-02-01,2020-05-06,461
2021-02-01,2020-05-07,461
2021-02-01,2020-05-08,383
2021-02-01,2020-05-09,378
2021-02-01,2020-05-10,347
2021-02-01,2020-05-11,308
2021-02-01,2020-05-12,320
2021-02-01,2020-05-13,317
2021-02-01,2020-05-14,333
2021-02-01,2020-05-15,312
2021-02-01,2020-05-16,313
2021-02-01,2020-05-17,267
2021-02-01,2020-05-18,293
2021-02-01,2020-05-19,275
2021-02-01,2020-05-20,267
2021-02-01,2020-05-21,237
2021-02-01,2020-05-22,222
2021-02-01,2020-05-23,218
2021-02-01,2020-05-24,195
2021-02-01,2020-05-25,201
2021-02-01,2020-05-26,212
2021-02-01,2020-05-27,197
2021-02-01,2020-05-28,217
2021-02-01,2020-05-29,186
2021-02-01,2020-05-30,163
2021-02-01,2020-05-31,126
2021-02-01,2020-06-01,135
2021-02-01,2020-06-02,169
2021-02-01,2020-06-03,155
2021-02-01,2020-06-04,135
2021-02-01,2020-06-05,123
2021-02-01,2020-06-06,111
2021-02-01,2020-06-07,127
2021-02-01,2020-06-08,123
2021-02-01,2020-06-09,90
2021-02-01,2020-06-10,109
2021-02-01,2020-06-11,80
2021-02-01,2020-06-12,79
2021-02-01,2020-06-13,63
2021-02-01,2020-06-14,87
2021-02-01,2020-06-15,70
2021-02-01,2020-06-16,84
2021-02-01,2020-06-17,59
2021-02-01,2020-06-18,61
2021-02-01,2020-06-19,52
2021-02-01,2020-06-20,60
2021-02-01,2020-06-21,54
2021-02-01,2020-06-22,64
2021-02-01,2020-06-23,64
2021-02-01,2020-06-24,74
2021-02-01,2020-06-25,68
2021-02-01,2020-06-26,41
2021-02-01,2020-06-27,49
2021-02-01,2020-06-28,45
2021-02-01,2020-06-29,39
2021-02-01,2020-06-30,47
2021-02-01,2020-07-01,27
2021-02-01,2020-07-02,43
2021-02-01,2020-07-03,29
2021-02-01,2020-07-04,33
2021-02-01,2020-07-05,27
2021-02-01,2020-07-06,36
2021-02-01,2020-07-07,27
2021-02-01,2020-07-08,24
2021-02-01,2020-07-09,37
2021-02-01,2020-07-10,21
2021-02-01,2020-07-11,21
2021-02-01,2020-07-12,13
2021-02-01,2020-07-13,24
2021-02-01,2020-07-14,21
2021-02-01,2020-07-15,20
2021-02-01,2020-07-16,13
2021-02-01,2020-07-17,18
2021-02-01,2020-07-18,15
2021-02-01,2020-07-19,14
2021-02-01,2020-07-20,12
2021-02-01,2020-07-21,20
2021-02-01,2020-07-22,17
2021-02-01,2020-07-23,16
2021-02-01,2020-07-24,7
2021-02-01,2020-07-25,16
2021-02-01,2020-07-26,16
2021-02-01,2020-07-27,11
2021-02-01,2020-07-28,12
2021-02-01,2020-07-29,12
2021-02-01,2020-07-30,10
2021-02-01,2020-07-31,14
2021-02-01,2020-08-01,11
2021-02-01,2020-08-02,10
2021-02-01,2020-08-03,15
2021-02-01,2020-08-04,14
2021-02-01,2020-08-05,6
2021-02-01,2020-08-06,9
2021-02-01,2020-08-07,13
2021-02-01,2020-08-08,14
2021-02-01,2020-08-09,8
2021-02-01,2020-08-10,13
2021-02-01,2020-08-11,10
2021-02-01,2020-08-12,7
2021-02-01,2020-08-13,9
2021-02-01,2020-08-14,7
2021-02-01,2020-08-15,12
2021-02-01,2020-08-16,4
2021-02-01,2020-08-17,12
2021-02-01,2020-08-18,9
2021-02-01,2020-08-19,3
2021-02-01,2020-08-20,8
2021-02-01,2020-08-21,7
2021-02-01,2020-08-22,8
2021-02-01,2020-08-23,14
2021-02-01,2020-08-24,6
2021-02-01,2020-08-25,12
2021-02-01,2020-08-26,11
2021-02-01,2020-08-27,8
2021-02-01,2020-08-28,10
2021-02-01,2020-08-29,5
2021-02-01,2020-08-30,6
2021-02-01,2020-08-31,9
2021-02-01,2020-09-01,3
2021-02-01,2020-09-02,9
2021-02-01,2020-09-03,10
2021-02-01,2020-09-04,7
2021-02-01,2020-09-05,13
2021-02-01,2020-09-06,8
2021-02-01,2020-09-07,15
2021-02-01,2020-09-08,9
2021-02-01,2020-09-09,9
2021-02-01,2020-09-10,13
2021-02-01,2020-09-11,13
2021-02-01,2020-09-12,18
2021-02-01,2020-09-13,16
2021-02-01,2020-09-14,21
2021-02-01,2020-09-15,18
2021-02-01,2020-09-16,26
2021-02-01,2020-09-17,27
2021-02-01,2020-09-18,23
2021-02-01,2020-09-19,20
2021-02-01,2020-09-20,31
2021-02-01,2020-09-21,27
2021-02-01,2020-09-22,39
2021-02-01,2020-09-23,56
2021-02-01,2020-09-24,35
2021-02-01,2020-09-25,32
2021-02-01,2020-09-26,39
2021-02-01,2020-09-27,47
2021-02-01,2020-09-28,54
2021-02-01,2020-09-29,48
2021-02-01,2020-09-30,57
2021-02-01,2020-10-01,66
2021-02-01,2020-10-02,68
2021-02-01,2020-10-03,66
2021-02-01,2020-10-04,60
2021-02-01,2020-10-05,70
2021-02-01,2020-10-06,70
2021-02-01,2020-10-07,101
2021-02-01,2020-10-08,92
2021-02-01,2020-10-09,79
2021-02-01,2020-10-10,103
2021-02-01,2020-10-11,122
2021-02-01,2020-10-12,112
2021-02-01,2020-10-13,110
2021-02-01,2020-10-14,115
2021-02-01,2020-10-15,151
2021-02-01,2020-10-16,147
2021-02-01,2020-10-17,176
2021-02-01,2020-10-18,159
2021-02-01,2020-10-19,191
2021-02-01,2020-10-20,194
2021-02-01,2020-10-21,222
2021-02-01,2020-10-22,234
2021-02-01,2020-10-23,222
2021-02-01,2020-10-24,213
2021-02-01,2020-10-25,247
2021-02-01,2020-10-26,277
2021-02-01,2020-10-27,266
2021-02-01,2020-10-28,283
2021-02-01,2020-10-29,310
2021-02-01,2020-10-30,338
2021-02-01,2020-10-31,319
2021-02-01,2020-11-01,358
2021-02-01,2020-11-02,330
2021-02-01,2020-11-03,361
2021-02-01,2020-11-04,329
2021-02-01,2020-11-05,375
2021-02-01,2020-11-06,402
2021-02-01,2020-11-07,390
2021-02-01,2020-11-08,412
2021-02-01,2020-11-09,480
2021-02-01,2020-11-10,387
2021-02-01,2020-11-11,387
2021-02-01,2020-11-12,419
2021-02-01,2020-11-13,432
2021-02-01,2020-11-14,427
2021-02-01,2020-11-15,451
2021-02-01,2020-11-16,424
2021-02-01,2020-11-17,438
2021-02-01,2020-11-18,487
2021-02-01,2020-11-19,461
2021-02-01,2020-11-20,450
2021-02-01,2020-11-21,462
2021-02-01,2020-11-22,475
2021-02-01,2020-11-23,462
2021-02-01,2020-11-24,458
2021-02-01,2020-11-25,482
2021-02-01,2020-11-26,432
2021-02-01,2020-11-27,421
2021-02-01,2020-11-28,462
2021-02-01,2020-11-29,460
2021-02-01,2020-11-30,421
2021-02-01,2020-12-01,402
2021-02-01,2020-12-02,387
2021-02-01,2020-12-03,470
2021-02-01,2020-12-04,474
2021-02-01,2020-12-05,393
2021-02-01,2020-12-06,416
2021-02-01,2020-12-07,419
2021-02-01,2020-12-08,433
2021-02-01,2020-12-09,429
2021-02-01,2020-12-10,443
2021-02-01,2020-12-11,451
2021-02-01,2020-12-12,438
2021-02-01,2020-12-13,419
2021-02-01,2020-12-14,479
2021-02-01,2020-12-15,455
2021-02-01,2020-12-16,434
2021-02-01,2020-12-17,530
2021-02-01,2020-12-18,514
2021-02-01,2020-12-19,486
2021-02-01,2020-12-20,503
2021-02-01,2020-12-21,570
2021-02-01,2020-12-22,563
2021-02-01,2020-12-23,564
2021-02-01,2020-12-24,582
2021-02-01,2020-12-25,609
2021-02-01,2020-12-26,649
2021-02-01,2020-12-27,642
2021-02-01,2020-12-28,675
2021-02-01,2020-12-29,653
2021-02-01,2020-12-30,719
2021-02-01,2020-12-31,746
2021-02-01,2021-01-01,739
2021-02-01,2021-01-02,749
2021-02-01,2021-01-03,753
2021-02-01,2021-01-04,834
2021-02-01,2021-01-05,901
2021-02-01,2021-01-06,926
2021-02-01,2021-01-07,984
2021-02-01,2021-01-08,976
2021-02-01,2021-01-09,1010
2021-02-01,2021-01-10,1080
2021-02-01,2021-01-11,1124
2021-02-01,2021-01-12,1192
2021-02-01,2021-01-13,1197
2021-02-01,2021-01-14,1192
2021-02-01,2021-01-15,1202
2021-02-01,2021-01-16,1270
2021-02-01,2021-01-17,1230
2021-02-01,2021-01-18,1275
2021-02-01,2021-01-19,1324
2021-02-01,2021-01-20,1216
2021-02-01,2021-01-21,1189
2021-02-01,2021-01-22,1142
2021-02-01,2021-01-23,1035
2021-02-01,2021-01-24,1036
2021-02-01,2021-01-25,1069
2021-02-01,2021-01-26,920
2021-02-01,2021-01-27,905
2021-02-01,2021-01-28,820
2021-02-02,2020-02-29,0
2021-02-02,2020-03-01,0
2021-02-02,2020-03-02,1
2021-02-02,2020-03-03,2
2021-02-02,2020-03-04,0
2021-02-02,2020-03-05,3
2021-02-02,2020-03-06,0
2021-02-02,2020-03-07,0
2021-02-02,2020-03-08,3
2021-02-02,2020-03-09,5
2021-02-02,2020-03-10,3
2021-02-02,2020-03-11,8
2021-02-02,2020-03-12,13
2021-02-02,2020-03-13,16
2021-02-02,2020-03-14,22
2021-02-02,2020-03-15,32
2021-02-02,2020-03-16,46
2021-02-02,2020-03-17,52
2021-02-02,2020-03-18,68
2021-02-02,2020-03-19,74
2021-02-02,2020-03-20,109
2021-02-02,2020-03-21,131
2021-02-02,2020-03-22,165
2021-02-02,2020-03-23,186
2021-02-02,2020-03-24,237
2021-02-02,2020-03-25,302
2021-02-02,2020-03-26,360
2021-02-02,2020-03-27,398
2021-02-02,2020-03-28,436
2021-02-02,2020-03-29,507
2021-02-02,2020-03-30,586
2021-02-02,2020-03-31,661
2021-02-02,2020-04-01,767
2021-02-02,2020-04-02,806
2021-02-02,2020-04-03,839
2021-02-02,2020-04-04,905
2021-02-02,2020-04-05,915
2021-02-02,2020-04-06,892
2021-02-02,2020-04-07,999
2021-02-02,2020-04-08,1073
2021-02-02,2020-04-09,999
2021-02-02,2020-04-10,941
2021-02-02,2020-04-11,956
2021-02-02,2020-04-12,957
2021-02-02,2020-04-13,893
2021-02-02,2020-04-14,859
2021-02-02,2020-04-15,879
2021-02-02,2020-04-16,839
2021-02-02,2020-04-17,819
2021-02-02,2020-04-18,799
2021-02-02,2020-04-19,765
2021-02-02,2020-04-20,783
2021-02-02,2020-04-21,742
2021-02-02,2020-04-22,729
2021-02-02,2020-04-23,675
2021-02-02,2020-04-24,683
2021-02-02,2020-04-25,647
2021-02-02,2020-04-26,634
2021-02-02,2020-04-27,595
2021-02-02,2020-04-28,559
2021-02-02,2020-04-29,570
2021-02-02,2020-04-30,551
2021-02-02,2020-05-01,568
2021-02-02,2020-05-02,494
2021-02-02,2020-05-03,448
2021-02-02,2020-05-04,484
2021-02-02,2020-05-05,464
2021-02-02,2020-05-06,461
2021-02-02,2020-05-07,461
2021-02-02,2020-05-08,383
2021-02-02,2020-05-09,378
2021-02-02,2020-05-10,347
2021-02-02,2020-05-11,308
2021-02-02,2020-05-12,320
2021-02-02,2020-05-13,316
2021-02-02,2020-05-14,333
2021-02-02,2020-05-15,312
2021-02-02,2020-05-16,313
2021-02-02,2020-05-17,267
2021-02-02,2020-05-18,293
2021-02-02,2020-05-19,275
2021-02-02,2020-05-20,267
2021-02-02,2020-05-21,237
2021-02-02,2020-05-22,222
2021-02-02,2020-05-23,218
2021-02-02,2020-05-24,195
2021-02-02,2020-05-25,201
2021-02-02,2020-05-26,212
2021-02-02,2020-05-27,197
2021-02-02,2020-05-28,217
2021-02-02,2020-05-29,186
2021-02-02,2020-05-30,163
2021-02-02,2020-05-31,126
2021-02-02,2020-06-01,135
2021-02-02,2020-06-02,169
2021-02-02,2020-06-03,155
2021-02-02,2020-06-04,135
2021-02-02,2020-06-05,123
2021-02-02,2020-06-06,111
2021-02-02,2020-06-07,127
2021-02-02,2020-06-08,123
2021-02-02,2020-06-09,90
2021-02-02,2020-06-10,109
2021-02-02,2020-06-11,80
2021-02-02,2020-06-12,79
2021-02-02,2020-06-13,63
2021-02-02,2020-06-14,87
2021-02-02,2020-06-15,70
2021-02-02,2020-06-16,84
2021-02-02,2020-06-17,58
2021-02-02,2020-06-18,61
2021-02-02,2020-06-19,52
2021-02-02,2020-06-20,60
2021-02-02,2020-06-21,54
2021-02-02,2020-06-22,64
2021-02-02,2020-06-23,64
2021-02-02,2020-06-24,75
2021-02-02,2020-06-25,68
2021-02-02,2020-06-26,41
2021-02-02,2020-06-27,49
2021-02-02,2020-06-28,45
2021-02-02,2020-06-29,39
2021-02-02,2020-06-30,47
2021-02-02,2020-07-01,27
2021-02-02,2020-07-02,43
2021-02-02,2020-07-03,29
2021-02-02,2020-07-04,33
2021-02-02,2020-07-05,27
2021-02-02,2020-07-06,36
2021-02-02,2020-07-07,27
2021-02-02,2020-07-08,24
2021-02-02,2020-07-09,37
2021-02-02,2020-07-10,21
2021-02-02,2020-07-11,21
2021-02-02,2020-07-12,13
2021-02-02,2020-07-13,24
2021-02-02,2020-07-14,21
2021-02-02,2020-07-15,20
2021-02-02,2020-07-16,13
2021-02-02,2020-07-17,18
2021-02-02,2020-07-18,15
2021-02-02,2020-07-19,14
2021-02-02,2020-07-20,12
2021-02-02,2020-07-21,20
2021-02-02,2020-07-22,17
2021-02-02,2020-07-23,16
2021-02-02,2020-07-24,7
2021-02-02,2020-07-25,16
2021-02-02,2020-07-26,16
2021-02-02,2020-07-27,11
2021-02-02,2020-07-28,12
2021-02-02,2020-07-29,12
2021-02-02,2020-07-30,10
2021-02-02,2020-07-31,14
2021-02-02,2020-08-01,11
2021-02-02,2020-08-02,10
2021-02-02,2020-08-03,15
2021-02-02,2020-08-04,14
2021-02-02,2020-08-05,6
2021-02-02,2020-08-06,9
2021-02-02,2020-08-07,13
2021-02-02,2020-08-08,14
2021-02-02,2020-08-09,8
2021-02-02,2020-08-10,13
2021-02-02,2020-08-11,10
2021-02-02,2020-08-12,7
2021-02-02,2020-08-13,9
2021-02-02,2020-08-14,7
2021-02-02,2020-08-15,12
2021-02-02,2020-08-16,4
2021-02-02,2020-08-17,12
2021-02-02,2020-08-18,9
2021-02-02,2020-08-19,3
2021-02-02,2020-08-20,8
2021-02-02,2020-08-21,7
2021-02-02,2020-08-22,8
2021-02-02,2020-08-23,14
2021-02-02,2020-08-24,6
2021-02-02,2020-08-25,12
2021-02-02,2020-08-26,11
2021-02-02,2020-08-27,8
2021-02-02,2020-08-28,10
2021-02-02,2020-08-29,5
2021-02-02,2020-08-30,6
2021-02-02,2020-08-31,9
2021-02-02,2020-09-01,3
2021-02-02,2020-09-02,9
2021-02-02,2020-09-03,10
2021-02-02,2020-09-04,7
2021-02-02,2020-09-05,13
2021-02-02,2020-09-06,8
2021-02-02,2020-09-07,15
2021-02-02,2020-09-08,9
2021-02-02,2020-09-09,9
2021-02-02,2020-09-10,13
2021-02-02,2020-09-11,13
2021-02-02,2020-09-12,18
2021-02-02,2020-09-13,16
2021-02-02,2020-09-14,21
2021-02-02,2020-09-15,18
2021-02-02,2020-09-16,26
2021-02-02,2020-09-17,27
2021-02-02,2020-09-18,23
2021-02-02,2020-09-19,20
2021-02-02,2020-09-20,31
2021-02-02,2020-09-21,27
2021-02-02,2020-09-22,39
2021-02-02,2020-09-23,56
2021-02-02,2020-09-24,35
2021-02-02,2020-09-25,32
2021-02-02,2020-09-26,39
2021-02-02,2020-09-27,47
2021-02-02,2020-09-28,54
2021-02-02,2020-09-29,48
2021-02-02,2020-09-30,57
2021-02-02,2020-10-01,66
2021-02-02,2020-10-02,68
2021-02-02,2020-10-03,66
2021-02-02,2020-10-04,60
2021-02-02,2020-10-05,70
2021-02-02,2020-10-06,70
2021-02-02,2020-10-07,101
2021-02-02,2020-10-08,92
2021-02-02,2020-10-09,79
2021-02-02,2020-10-10,103
2021-02-02,2020-10-11,122
2021-02-02,2020-10-12,112
2021-02-02,2020-10-13,109
2021-02-02,2020-10-14,116
2021-02-02,2020-10-15,151
2021-02-02,2020-10-16,147
2021-02-02,2020-10-17,176
2021-02-02,2020-10-18,159
2021-02-02,2020-10-19,191
2021-02-02,2020-10-20,194
2021-02-02,2020-10-21,222
2021-02-02,2020-10-22,234
2021-02-02,2020-10-23,222
2021-02-02,2020-10-24,213
2021-02-02,2020-10-25,247
2021-02-02,2020-10-26,277
2021-02-02,2020-10-27,266
2021-02-02,2020-10-28,283
2021-02-02,2020-10-29,310
2021-02-02,2020-10-30,338
2021-02-02,2020-10-31,319
2021-02-02,2020-11-01,358
2021-02-02,2020-11-02,330
2021-02-02,2020-11-03,361
2021-02-02,2020-11-04,329
2021-02-02,2020-11-05,374
2021-02-02,2020-11-06,402
2021-02-02,2020-11-07,389
2021-02-02,2020-11-08,413
2021-02-02,2020-11-09,480
2021-02-02,2020-11-10,387
2021-02-02,2020-11-11,387
2021-02-02,2020-11-12,419
2021-02-02,2020-11-13,432
2021-02-02,2020-11-14,427
2021-02-02,2020-11-15,451
2021-02-02,2020-11-16,424
2021-02-02,2020-11-17,438
2021-02-02,2020-11-18,486
2021-02-02,2020-11-19,461
2021-02-02,2020-11-20,450
2021-02-02,2020-11-21,461
2021-02-02,2020-11-22,474
2021-02-02,2020-11-23,464
2021-02-02,2020-11-24,457
2021-02-02,2020-11-25,483
2021-02-02,2020-11-26,432
2021-02-02,2020-11-27,420
2021-02-02,2020-11-28,462
2021-02-02,2020-11-29,460
2021-02-02,2020-11-30,422
2021-02-02,2020-12-01,401
2021-02-02,2020-12-02,387
2021-02-02,2020-12-03,470
2021-02-02,2020-12-04,474
2021-02-02,2020-12-05,394
2021-02-02,2020-12-06,414
2021-02-02,2020-12-07,422
2021-02-02,2020-12-08,434
2021-02-02,2020-12-09,428
2021-02-02,2020-12-10,442
2021-02-02,2020-12-11,453
2021-02-02,2020-12-12,436
2021-02-02,2020-12-13,418
2021-02-02,2020-12-14,479
2021-02-02,2020-12-15,456
2021-02-02,2020-12-16,433
2021-02-02,2020-12-17,532
2021-02-02,2020-12-18,512
2021-02-02,2020-12-19,487
2021-02-02,2020-12-20,503
2021-02-02,2020-12-21,572
2021-02-02,2020-12-22,561
2021-02-02,2020-12-23,564
2021-02-02,2020-12-24,581
2021-02-02,2020-12-25,607
2021-02-02,2020-12-26,649
2021-02-02,2020-12-27,642
2021-02-02,2020-12-28,674
2021-02-02,2020-12-29,656
2021-02-02,2020-12-30,719
2021-02-02,2020-12-31,749
2021-02-02,2021-01-01,742
2021-02-02,2021-01-02,748
2021-02-02,2021-01-03,751
2021-02-02,2021-01-04,831
2021-02-02,2021-01-05,902
2021-02-02,2021-01-06,929
2021-02-02,2021-01-07,984
2021-02-02,2021-01-08,977
2021-02-02,2021-01-09,1008
2021-02-02,2021-01-10,1081
2021-02-02,2021-01-11,1125
2021-02-02,2021-01-12,1193
2021-02-02,2021-01-13,1196
2021-02-02,2021-01-14,1193
2021-02-02,2021-01-15,1202
2021-02-02,2021-01-16,1269
2021-02-02,2021-01-17,1234
2021-02-02,2021-01-18,1278
2021-02-02,2021-01-19,1311
2021-02-02,2021-01-20,1236
2021-02-02,2021-01-21,1186
2021-02-02,2021-01-22,1138
2021-02-02,2021-01-23,1038
2021-02-02,2021-01-24,1037
2021-02-02,2021-01-25,1075
2021-02-02,2021-01-26,921
2021-02-02,2021-01-27,915
2021-02-02,2021-01-28,853
2021-02-02,2021-01-29,598
2021-02-02,2021-01-30,302
2021-02-02,2021-01-31,102
