prediction_date,date,sure_deaths,predicted_deaths,predicted_deaths_SD,total
2020-04-14,2020-04-02,69,0,0,69
2020-04-14,2020-04-03,68,2,0,70
2020-04-14,2020-04-04,59,3.5,2.12132034355964,62.5
2020-04-14,2020-04-05,76,4.16666666666667,2.41522945769824,80.1666666666667
2020-04-14,2020-04-06,71,4.41666666666667,2.46644143115812,75.4166666666667
2020-04-14,2020-04-07,65,4.41666666666667,3.09569593683445,69.4166666666667
2020-04-14,2020-04-08,77,7.25,4.39886348958455,84.25
2020-04-14,2020-04-09,43,9.82142857142857,5.16097997338822,52.8214285714286
2020-04-14,2020-04-10,31,15.3214285714286,7.76852624376078,46.3214285714286
2020-04-14,2020-04-11,26,21.9880952380952,9.57078889120432,47.9880952380952
2020-04-14,2020-04-12,33,30.7880952380952,11.4794502384817,63.7880952380952
2020-04-14,2020-04-13,21,43.8790043290043,14.4107143080656,64.8790043290043
2020-04-14,2020-04-14,5,62.2123376623377,18.0429342055962,67.2123376623377
2020-04-15,2020-04-02,68,0,0,68
2020-04-15,2020-04-03,69,-1,0,68
2020-04-15,2020-04-04,60,0.5,0.707106781186548,60.5
2020-04-15,2020-04-05,78,1.83333333333333,1.68325082306035,79.8333333333333
2020-04-15,2020-04-06,82,2.83333333333333,2.04124145231932,84.8333333333333
2020-04-15,2020-04-07,70,5.23333333333333,5.24086506854228,75.2333333333333
2020-04-15,2020-04-08,90,6.06666666666667,5.86799227447799,96.0666666666667
2020-04-15,2020-04-09,55,10.352380952381,7.57219223462369,65.352380952381
2020-04-15,2020-04-10,52,14.102380952381,8.64264068993025,66.102380952381
2020-04-15,2020-04-11,50,21.3246031746032,11.4407028866098,71.3246031746032
2020-04-15,2020-04-12,54,29.7246031746032,13.7372451664045,83.7246031746032
2020-04-15,2020-04-13,45,39.6336940836941,15.4402983731796,84.6336940836941
2020-04-15,2020-04-14,31,53.6336940836941,17.8132508195979,84.6336940836941
2020-04-15,2020-04-15,6,72.556771006771,20.7337605812074,78.556771006771
2020-04-16,2020-04-02,68,0,0,68
2020-04-16,2020-04-03,71,0,0,71
2020-04-16,2020-04-04,61,0.5,2.12132034355964,61.5
2020-04-16,2020-04-05,79,1.83333333333333,2.19848432637882,80.8333333333333
2020-04-16,2020-04-06,85,3.08333333333333,2.53311402559511,88.0833333333333
2020-04-16,2020-04-07,75,4.48333333333333,2.86647286166583,79.4833333333333
2020-04-16,2020-04-08,97,7.31666666666667,5.28992753573556,104.316666666667
2020-04-16,2020-04-09,63,9.03095238095238,6.26270137971056,72.0309523809524
2020-04-16,2020-04-10,62,13.7809523809524,7.78322371698074,75.7809523809524
2020-04-16,2020-04-11,61,18.2253968253968,8.95021503687756,79.2253968253968
2020-04-16,2020-04-12,62,25.8253968253968,11.4666528239119,87.8253968253968
2020-04-16,2020-04-13,55,34.1890331890332,13.5476445347032,89.1890331890332
2020-04-16,2020-04-14,49,44.1056998556999,15.123257415746,93.1056998556999
2020-04-16,2020-04-15,41,58.4133921633922,17.3861156509157,99.4133921633922
2020-04-16,2020-04-16,10,78.4848207348207,20.6071865694019,88.4848207348207
2020-04-17,2020-04-02,67,0,0,67
2020-04-17,2020-04-03,75,-1,0,74
2020-04-17,2020-04-04,66,1,2.82842712474619,67
2020-04-17,2020-04-05,79,3,4.12310562561766,82
2020-04-17,2020-04-06,87,4,4.20317340430616,91
2020-04-17,2020-04-07,76,5.4,4.35507366948788,81.4
2020-04-17,2020-04-08,99,6.73333333333333,4.52032447212956,105.733333333333
2020-04-17,2020-04-09,66,9.44761904761905,6.08315394386513,75.4476190476191
2020-04-17,2020-04-10,62,11.322619047619,6.84427115323813,73.322619047619
2020-04-17,2020-04-11,63,15.5448412698413,8.24854484521313,78.5448412698413
2020-04-17,2020-04-12,67,19.7448412698413,9.27329755906968,86.7448412698413
2020-04-17,2020-04-13,56,27.1084776334776,11.5259964026367,83.1084776334776
2020-04-17,2020-04-14,56,34.8584776334776,13.590051588,90.8584776334776
2020-04-17,2020-04-15,45,44.5507853257853,15.0583400389487,89.5507853257853
2020-04-17,2020-04-16,38,58.1222138972139,17.3852843008997,96.1222138972139
2020-04-17,2020-04-17,4,78.7222138972139,20.4957722872714,82.7222138972139
2020-04-18,2020-04-02,67,0,0,67
2020-04-18,2020-04-03,78,0,0,78
2020-04-18,2020-04-04,68,1,2.82842712474619,69
2020-04-18,2020-04-05,81,3,3.46410161513776,84
2020-04-18,2020-04-06,88,5,4.24264068711929,93
2020-04-18,2020-04-07,77,6,4.30116263352131,83
2020-04-18,2020-04-08,101,7.33333333333333,4.42342250600897,108.333333333333
2020-04-18,2020-04-09,73,8.76190476190476,4.56644073128963,81.7619047619048
2020-04-18,2020-04-10,73,12.0119047619048,6.11165942706078,85.0119047619048
2020-04-18,2020-04-11,73,14.9007936507937,7.43057817827739,87.9007936507936
2020-04-18,2020-04-12,76,19.7007936507937,8.79723080527446,95.7007936507937
2020-04-18,2020-04-13,62,24.3371572871573,9.77986785676654,86.3371572871573
2020-04-18,2020-04-14,60,31.5871572871573,11.7641750792742,91.5871572871573
2020-04-18,2020-04-15,55,39.0486957486958,13.6747350759852,94.0486957486958
2020-04-18,2020-04-16,59,48.7629814629815,15.027759122156,107.762981462981
2020-04-18,2020-04-17,20,62.8296481296481,17.3093759741504,82.8296481296481
2020-04-18,2020-04-18,2,83.3629814629815,20.4456357304932,85.3629814629815
2020-04-19,2020-04-02,67,0,0,67
2020-04-19,2020-04-03,79,0,0,79
2020-04-19,2020-04-04,68,0.5,0.707106781186548,68.5
2020-04-19,2020-04-05,81,1.16666666666667,2.19848432637882,82.1666666666667
2020-04-19,2020-04-06,90,2.66666666666667,2.91547594742265,92.6666666666667
2020-04-19,2020-04-07,78,4.66666666666667,3.60555127546399,82.6666666666667
2020-04-19,2020-04-08,102,5.66666666666667,3.66060104354463,107.666666666667
2020-04-19,2020-04-09,75,6.95238095238095,3.7821636538841,81.952380952381
2020-04-19,2020-04-10,75,8.45238095238095,3.93034591958762,83.452380952381
2020-04-19,2020-04-11,74,11.5634920634921,5.48258425915463,85.5634920634921
2020-04-19,2020-04-12,79,14.2634920634921,6.80382712097122,93.2634920634921
2020-04-19,2020-04-13,63,18.8998556998557,8.15761049245482,81.8998556998557
2020-04-19,2020-04-14,60,23.233189033189,9.17843007510427,83.2331890331891
2020-04-19,2020-04-15,56,29.9254967254967,11.2904538382807,85.9254967254967
2020-04-19,2020-04-16,61,36.9254967254967,13.2408648403532,97.9254967254967
2020-04-19,2020-04-17,23,46.1254967254967,14.674776766584,69.1254967254967
2020-04-19,2020-04-18,9,59.4588300588301,17.2424317919908,68.4588300588301
2020-04-19,2020-04-19,1,79.3921633921634,20.6625155617497,80.3921633921634
2020-04-20,2020-04-02,67,0,0,67
2020-04-20,2020-04-03,79,0,0,79
2020-04-20,2020-04-04,68,0,0,68
2020-04-20,2020-04-05,81,0.333333333333333,0.577350269189626,81.3333333333333
2020-04-20,2020-04-06,90,0.833333333333333,1.82574185835055,90.8333333333333
2020-04-20,2020-04-07,78,2.03333333333333,2.55603860169078,80.0333333333333
2020-04-20,2020-04-08,102,3.7,3.286335345031,105.7
2020-04-20,2020-04-09,76,4.55714285714286,3.35800394225356,80.5571428571429
2020-04-20,2020-04-10,75,5.80714285714286,3.473025303954,80.8071428571429
2020-04-20,2020-04-11,74,7.14047619047619,3.64854830883528,81.1404761904762
2020-04-20,2020-04-12,79,9.94047619047619,5.2218253817473,88.9404761904762
2020-04-20,2020-04-13,63,12.3950216450216,6.52228392437707,75.3950216450216
2020-04-20,2020-04-14,60,16.6450216450216,7.92115730463251,76.6450216450216
2020-04-20,2020-04-15,57,20.6450216450216,8.96724036208463,77.6450216450217
2020-04-20,2020-04-16,63,26.9307359307359,11.0738963301622,89.930735930736
2020-04-20,2020-04-17,30,33.5974025974026,12.9894733544674,63.5974025974026
2020-04-20,2020-04-18,19,42.7974025974026,14.4483559429781,61.7974025974026
2020-04-20,2020-04-19,17,56.5307359307359,16.8851227536956,73.5307359307359
2020-04-20,2020-04-20,2,77.1974025974026,19.9836299416664,79.1974025974026
2020-04-21,2020-04-02,67,0,0,67
2020-04-21,2020-04-03,81,0,0,81
2020-04-21,2020-04-04,69,1,1.4142135623731,70
2020-04-21,2020-04-05,82,1.33333333333333,1.52752523165195,83.3333333333333
2020-04-21,2020-04-06,90,1.83333333333333,1.63299316185545,91.8333333333333
2020-04-21,2020-04-07,81,2.23333333333333,2.2286019533929,83.2333333333333
2020-04-21,2020-04-08,106,3.73333333333333,2.84018778721877,109.733333333333
2020-04-21,2020-04-09,79,5.73333333333333,3.5213633723318,84.7333333333333
2020-04-21,2020-04-10,78,6.85833333333333,3.65816113056039,84.8583333333333
2020-04-21,2020-04-11,84,8.30277777777778,3.79604012556778,92.3027777777778
2020-04-21,2020-04-12,86,10.5027777777778,4.79918147782962,96.5027777777778
2020-04-21,2020-04-13,72,13.684595959596,6.0988342509679,85.684595959596
2020-04-21,2020-04-14,67,16.684595959596,7.39258579086673,83.684595959596
2020-04-21,2020-04-15,77,21.1461344211344,8.58795020816311,98.1461344211344
2020-04-21,2020-04-16,78,26.2889915639916,10.4089526548686,104.288991563992
2020-04-21,2020-04-17,49,33.1556582306582,12.3536618877951,82.1556582306582
2020-04-21,2020-04-18,51,40.8223248973249,14.4219941207489,91.8223248973249
2020-04-21,2020-04-19,43,51.3556582306582,16.8133623203139,94.3556582306582
2020-04-21,2020-04-20,21,66.0889915639916,19.1881315038591,87.0889915639916
2020-04-21,2020-04-21,3,86.5556582306582,21.964768545925,89.5556582306582
2020-04-22,2020-04-02,69,0,0,69
2020-04-22,2020-04-03,81,2,0,83
2020-04-22,2020-04-04,71,2,0,73
2020-04-22,2020-04-05,84,3.33333333333333,1.15470053837925,87.3333333333333
2020-04-22,2020-04-06,89,4.08333333333333,1.5,93.0833333333333
2020-04-22,2020-04-07,82,4.28333333333333,1.71755640373177,86.2833333333333
2020-04-22,2020-04-08,110,4.78333333333333,2.20227155455452,114.783333333333
2020-04-22,2020-04-09,85,6.64047619047619,2.88551390157637,91.6404761904762
2020-04-22,2020-04-10,84,9.14047619047619,3.74706234141843,93.1404761904762
2020-04-22,2020-04-11,93,10.8071428571429,4.18813516860144,103.807142857143
2020-04-22,2020-04-12,94,13.0071428571429,4.91555677545265,107.007142857143
2020-04-22,2020-04-13,84,15.7344155844156,5.91446364693201,99.7344155844156
2020-04-22,2020-04-14,81,19.6510822510823,7.37135949719866,100.651082251082
2020-04-22,2020-04-15,96,23.4972360972361,8.92438418853834,119.497236097236
2020-04-22,2020-04-16,96,28.9972360972361,10.6007265022451,124.997236097236
2020-04-22,2020-04-17,57,34.9972360972361,12.4706960318284,91.9972360972361
2020-04-22,2020-04-18,59,41.8639027639028,14.1345295706976,100.863902763903
2020-04-22,2020-04-19,53,49.0639027639028,15.8461103081864,102.063902763903
2020-04-22,2020-04-20,46,58.7305694305694,17.7174697885656,104.730569430569
2020-04-22,2020-04-21,18,73.3972360972361,19.9464562431806,91.3972360972361
2020-04-22,2020-04-22,5,93.2639027639028,22.6491705407709,98.2639027639028
2020-04-23,2020-04-02,69,0,0,69
2020-04-23,2020-04-03,78,0,0,78
2020-04-23,2020-04-04,71,-0.5,3.53553390593274,70.5
2020-04-23,2020-04-05,86,-0.5,3.53553390593274,85.5
2020-04-23,2020-04-06,91,1,3.67423461417477,92
2020-04-23,2020-04-07,83,2,3.80788655293195,85
2020-04-23,2020-04-08,111,2.33333333333333,3.89444048184931,113.333333333333
2020-04-23,2020-04-09,84,2.9047619047619,4.09703725705714,86.9047619047619
2020-04-23,2020-04-10,89,4.40476190476191,4.55913525635227,93.4047619047619
2020-04-23,2020-04-11,96,7.18253968253968,5.14588755514136,103.18253968254
2020-04-23,2020-04-12,95,8.98253968253968,5.45610187029601,103.98253968254
2020-04-23,2020-04-13,84,11.0734487734488,5.98831835409213,95.0734487734488
2020-04-23,2020-04-14,89,13.5734487734488,6.80547589551988,102.573448773449
2020-04-23,2020-04-15,102,17.804218004218,8.08332500832072,119.804218004218
2020-04-23,2020-04-16,99,21.804218004218,9.43570086863985,120.804218004218
2020-04-23,2020-04-17,64,27.1375513375513,10.9472359384447,91.1375513375513
2020-04-23,2020-04-18,63,33.3375513375513,12.7564763542951,96.3375513375513
2020-04-23,2020-04-19,60,40.1375513375513,14.3988780457954,100.137551337551
2020-04-23,2020-04-20,54,47.2708846708847,16.0808692440538,101.270884670885
2020-04-23,2020-04-21,26,56.8708846708847,17.9322554135219,82.8708846708847
2020-04-23,2020-04-22,26,70.8708846708847,20.1847201385832,96.8708846708847
2020-04-23,2020-04-23,3,89.8708846708847,22.5292206748432,92.8708846708847
2020-04-24,2020-04-02,69,0,0,69
2020-04-24,2020-04-03,78,0,0,78
2020-04-24,2020-04-04,71,0,0,71
2020-04-24,2020-04-05,86,-0.333333333333333,2.51661147842358,85.6666666666667
2020-04-24,2020-04-06,91,-0.333333333333333,2.51661147842358,90.6666666666667
2020-04-24,2020-04-07,83,0.866666666666667,2.74469184669852,83.8666666666667
2020-04-24,2020-04-08,110,1.7,2.91547594742265,111.7
2020-04-24,2020-04-09,84,1.84285714285714,3.0511512269181,85.8428571428572
2020-04-24,2020-04-10,89,2.34285714285714,3.27690330008306,91.3428571428572
2020-04-24,2020-04-11,98,3.67619047619048,3.80632306013234,101.67619047619
2020-04-24,2020-04-12,96,6.37619047619048,4.42835380929725,102.37619047619
2020-04-24,2020-04-13,84,8.1034632034632,4.75694221937783,92.1034632034632
2020-04-24,2020-04-14,91,10.0201298701299,5.34134949521321,101.02012987013
2020-04-24,2020-04-15,108,12.4816683316683,6.17515817874964,120.481668331668
2020-04-24,2020-04-16,107,16.8388111888112,7.47785349002592,123.838811188811
2020-04-24,2020-04-17,72,21.1054778554779,8.88734828196574,93.1054778554779
2020-04-24,2020-04-18,72,26.5721445221445,10.5000774355062,98.5721445221445
2020-04-24,2020-04-19,73,33.1054778554779,12.3787147366994,106.105477855478
2020-04-24,2020-04-20,70,40.3721445221445,14.1527115846839,110.372144522145
2020-04-24,2020-04-21,42,47.9721445221445,16.0218365114379,89.9721445221445
2020-04-24,2020-04-22,40,57.9054778554779,17.9537556081545,97.9054778554779
2020-04-24,2020-04-23,31,71.7054778554779,20.1868464354581,102.705477855478
2020-04-24,2020-04-24,6,89.8388111888112,21.8646095314129,95.8388111888112
2020-04-25,2020-04-02,69,0,0,69
2020-04-25,2020-04-03,78,0,0,78
2020-04-25,2020-04-04,71,0,0,71
2020-04-25,2020-04-05,86,0,0,86
2020-04-25,2020-04-06,91,-0.25,2.06155281280883,90.75
2020-04-25,2020-04-07,83,-0.25,2.06155281280883,82.75
2020-04-25,2020-04-08,110,0.75,2.33452350598575,110.75
2020-04-25,2020-04-09,84,1.46428571428571,2.5208653087307,85.4642857142857
2020-04-25,2020-04-10,89,1.58928571428571,2.65540777964336,90.5892857142857
2020-04-25,2020-04-11,98,2.03373015873016,2.88599519299119,100.03373015873
2020-04-25,2020-04-12,97,3.23373015873016,3.44094163930157,100.23373015873
2020-04-25,2020-04-13,84,5.7791847041847,4.08812996831151,89.7791847041847
2020-04-25,2020-04-14,90,7.36251803751804,4.4390574315085,97.3625180375181
2020-04-25,2020-04-15,109,9.05482572982573,5.07635040598395,118.054825729826
2020-04-25,2020-04-16,107,11.4119685869686,5.89795023383692,118.411968586969
2020-04-25,2020-04-17,74,15.4786352536353,7.25029443138479,89.4786352536353
2020-04-25,2020-04-18,73,19.7453019203019,8.69674858831943,92.7453019203019
2020-04-25,2020-04-19,76,24.8786352536353,10.4012411259819,100.878635253635
2020-04-25,2020-04-20,70,31.4119685869686,12.2949896031582,101.411968586969
2020-04-25,2020-04-21,46,38.1453019203019,14.2007748886111,84.1453019203019
2020-04-25,2020-04-22,43,45.4786352536353,16.0903729812302,88.4786352536353
2020-04-25,2020-04-23,41,55.1453019203019,18.0909108409736,96.1453019203019
2020-04-25,2020-04-24,19,68.2786352536353,20.2549255105272,87.2786352536353
2020-04-25,2020-04-25,0,86.1453019203019,21.9665353231609,86.1453019203019
2020-04-26,2020-04-02,69,0,0,69
2020-04-26,2020-04-03,78,0,0,78
2020-04-26,2020-04-04,71,0,0,71
2020-04-26,2020-04-05,86,0,0,86
2020-04-26,2020-04-06,91,0,0,91
2020-04-26,2020-04-07,83,-0.2,1.78885438199983,82.8
2020-04-26,2020-04-08,110,-0.2,1.78885438199983,109.8
2020-04-26,2020-04-09,84,0.657142857142857,2.08395228900691,84.6571428571429
2020-04-26,2020-04-10,89,1.28214285714286,2.27643204536021,90.2821428571429
2020-04-26,2020-04-11,98,1.39325396825397,2.40691793965934,99.393253968254
2020-04-26,2020-04-12,97,1.79325396825397,2.63605946894404,98.793253968254
2020-04-26,2020-04-13,84,2.88416305916306,3.19995603324774,86.8841630591631
2020-04-26,2020-04-14,90,5.21749639249639,3.89992507420535,95.2174963924964
2020-04-26,2020-04-15,109,6.67903485403485,4.25973156669678,115.679034854035
2020-04-26,2020-04-16,107,8.25046342546343,4.8936193990247,115.250463425463
2020-04-26,2020-04-17,74,10.4504634254634,5.71754912225229,84.4504634254634
2020-04-26,2020-04-18,73,14.5171300921301,7.10431702180585,87.5171300921301
2020-04-26,2020-04-19,76,18.7171300921301,8.60646967962592,94.7171300921301
2020-04-26,2020-04-20,70,23.8504634254634,10.3258753284504,93.8504634254634
2020-04-26,2020-04-21,47,30.3837967587968,12.2312981191554,77.3837967587968
2020-04-26,2020-04-22,43,37.1837967587968,14.1139878730164,80.1837967587968
2020-04-26,2020-04-23,41,44.5171300921301,16.01382992659,85.5171300921301
2020-04-26,2020-04-24,19,53.9837967587968,18.1185221294631,72.9837967587968
2020-04-26,2020-04-25,1,66.9171300921301,20.4010944235758,67.9171300921301
2020-04-26,2020-04-26,0,84.1837967587968,22.4496237398449,84.1837967587968
2020-04-27,2020-04-02,69,0,0,69
2020-04-27,2020-04-03,78,0,0,78
2020-04-27,2020-04-04,72,0,0,72
2020-04-27,2020-04-05,86,0.333333333333333,0.577350269189626,86.3333333333333
2020-04-27,2020-04-06,91,0.333333333333333,0.577350269189626,91.3333333333333
2020-04-27,2020-04-07,83,0.333333333333333,0.577350269189626,83.3333333333333
2020-04-27,2020-04-08,110,0.166666666666667,1.70293863659264,110.166666666667
2020-04-27,2020-04-09,84,0.166666666666667,1.70293863659264,84.1666666666667
2020-04-27,2020-04-10,89,0.916666666666667,1.99284434199678,89.9166666666667
2020-04-27,2020-04-11,100,1.47222222222222,2.17926738818493,101.472222222222
2020-04-27,2020-04-12,97,1.77222222222222,2.37680591323868,98.7722222222222
2020-04-27,2020-04-13,84,2.13585858585859,2.58916044380255,86.1358585858586
2020-04-27,2020-04-14,90,3.13585858585859,3.12964229500128,93.1358585858586
2020-04-27,2020-04-15,109,5.28970473970474,3.84304825223674,114.289704739705
2020-04-27,2020-04-16,108,6.6468475968476,4.19900669583382,114.646847596848
2020-04-27,2020-04-17,74,8.18018093018093,4.80012302354648,82.1801809301809
2020-04-27,2020-04-18,74,10.3801809301809,5.63773342612421,84.3801809301809
2020-04-27,2020-04-19,77,14.5135142635143,7.00362083858806,91.5135142635143
2020-04-27,2020-04-20,72,18.7801809301809,8.49219474090011,90.7801809301809
2020-04-27,2020-04-21,48,24.0468475968476,10.1720082810501,72.0468475968476
2020-04-27,2020-04-22,51,30.6468475968476,12.065821073762,81.6468475968476
2020-04-27,2020-04-23,47,37.9801809301809,13.8448285030648,84.9801809301809
2020-04-27,2020-04-24,30,45.7135142635143,15.6534870630048,75.7135142635143
2020-04-27,2020-04-25,21,55.8468475968476,17.6476961964213,76.8468475968476
2020-04-27,2020-04-26,23,70.0468475968476,19.7747612132531,93.0468475968476
2020-04-27,2020-04-27,2,88.3135142635143,21.7707370239271,90.3135142635143
2020-04-28,2020-04-02,70,0,0,70
2020-04-28,2020-04-03,78,1,0,79
2020-04-28,2020-04-04,72,1,0,73
2020-04-28,2020-04-05,86,1,0,87
2020-04-28,2020-04-06,91,1.25,0.5,92.25
2020-04-28,2020-04-07,83,1.25,0.5,84.25
2020-04-28,2020-04-08,111,1.25,0.5,112.25
2020-04-28,2020-04-09,85,1.25,1.60727512683216,86.25
2020-04-28,2020-04-10,89,1.375,1.64570147151096,90.375
2020-04-28,2020-04-11,99,2.04166666666667,1.92570333471522,101.041666666667
2020-04-28,2020-04-12,97,2.44166666666667,2.15445275340785,99.4416666666667
2020-04-28,2020-04-13,84,2.71439393939394,2.33663186763523,86.7143939393939
2020-04-28,2020-04-14,90,3.04772727272727,2.53565483742276,93.0477272727273
2020-04-28,2020-04-15,109,3.9708041958042,3.05610894190666,112.970804195804
2020-04-28,2020-04-16,108,5.9708041958042,3.77662266951291,113.970804195804
2020-04-28,2020-04-17,75,7.23747086247086,4.12841751387032,82.2374708624709
2020-04-28,2020-04-18,76,8.83747086247086,4.72239071085547,84.8374708624709
2020-04-28,2020-04-19,77,11.1708041958042,5.53912686322731,88.1708041958042
2020-04-28,2020-04-20,73,15.3041375291375,6.92449226106818,88.3041375291376
2020-04-28,2020-04-21,50,19.6374708624709,8.39478424960419,69.6374708624709
2020-04-28,2020-04-22,60,25.0374708624709,10.0292915159391,85.0374708624709
2020-04-28,2020-04-23,54,32.2374708624709,11.8158901374488,86.2374708624709
2020-04-28,2020-04-24,44,40.0374708624709,13.4775306035205,84.0374708624709
2020-04-28,2020-04-25,29,48.5708041958042,15.3221291174771,77.5708041958042
2020-04-28,2020-04-26,40,59.0374708624709,17.2553931590559,99.0374708624709
2020-04-28,2020-04-27,21,73.9708041958042,19.3010244664511,94.9708041958042
2020-04-28,2020-04-28,2,93.0374708624709,21.1125334638946,95.0374708624709
2020-04-29,2020-04-02,70,0,0,70
2020-04-29,2020-04-03,78,0,0,78
2020-04-29,2020-04-04,72,0.5,0.707106781186548,72.5
2020-04-29,2020-04-05,86,0.5,0.707106781186548,86.5
2020-04-29,2020-04-06,90,0.5,0.707106781186548,90.5
2020-04-29,2020-04-07,84,0.5,1,84.5
2020-04-29,2020-04-08,113,0.666666666666667,1.08012344973464,113.666666666667
2020-04-29,2020-04-09,86,0.952380952380952,1.31836839999116,86.952380952381
2020-04-29,2020-04-10,91,1.07738095238095,1.9654758299443,92.077380952381
2020-04-29,2020-04-11,99,1.41071428571429,2.08880234538724,100.410714285714
2020-04-29,2020-04-12,98,2.01071428571429,2.30139709120972,100.010714285714
2020-04-29,2020-04-13,85,2.46525974025974,2.48377854168922,87.4652597402598
2020-04-29,2020-04-14,91,2.79859307359307,2.63761912186628,93.7985930735931
2020-04-29,2020-04-15,110,3.18320845820846,2.80715363938484,113.183208458208
2020-04-29,2020-04-16,107,4.11177988677989,3.25068065825063,111.11177988678
2020-04-29,2020-04-17,80,5.91177988677989,3.96715935063785,85.9117798867799
2020-04-29,2020-04-18,81,7.37844655344655,4.40835472808069,88.3784465534466
2020-04-29,2020-04-19,86,9.11177988677989,5.03561326279143,95.1117798867799
2020-04-29,2020-04-20,75,11.9117798867799,6.0557152052162,86.9117798867799
2020-04-29,2020-04-21,59,16.1117798867799,7.31829221419867,75.1117798867799
2020-04-29,2020-04-22,68,21.2451132201132,8.55042583061112,89.2451132201132
2020-04-29,2020-04-23,65,26.8451132201132,10.1809940098027,91.8451132201132
2020-04-29,2020-04-24,50,34.3117798867799,11.9847232512308,84.3117798867799
2020-04-29,2020-04-25,39,41.3784465534466,13.3892377171625,80.3784465534466
2020-04-29,2020-04-26,45,49.6451132201132,15.1769019669152,94.6451132201132
2020-04-29,2020-04-27,35,59.6451132201132,17.1770963503044,94.6451132201132
2020-04-29,2020-04-28,17,73.9117798867799,19.0669315077932,90.9117798867799
2020-04-29,2020-04-29,4,92.7117798867799,20.9251562201376,96.7117798867799
2020-04-30,2020-04-02,70,0,0,70
2020-04-30,2020-04-03,78,0,0,78
2020-04-30,2020-04-04,73,0,0,73
2020-04-30,2020-04-05,86,0.666666666666667,0.577350269189626,86.6666666666667
2020-04-30,2020-04-06,90,0.666666666666667,0.577350269189626,90.6666666666667
2020-04-30,2020-04-07,84,0.666666666666667,0.577350269189626,84.6666666666667
2020-04-30,2020-04-08,114,0.666666666666667,0.856348838577675,114.666666666667
2020-04-30,2020-04-09,86,0.952380952380952,0.985610760609162,86.952380952381
2020-04-30,2020-04-10,91,1.20238095238095,1.21302455516307,92.2023809523809
2020-04-30,2020-04-11,100,1.31349206349206,1.82552449519027,101.313492063492
2020-04-30,2020-04-12,98,1.71349206349206,1.954847454772,99.7134920634921
2020-04-30,2020-04-13,85,2.25894660894661,2.16660006557644,87.2589466089466
2020-04-30,2020-04-14,91,2.67561327561328,2.346222901764,93.6756132756133
2020-04-30,2020-04-15,112,2.98330558330558,2.49710455038053,114.983305583306
2020-04-30,2020-04-16,108,3.48330558330558,2.69703405132243,111.483305583306
2020-04-30,2020-04-17,80,4.41663891663892,3.12557686983231,84.4166389166389
2020-04-30,2020-04-18,85,6.28330558330558,3.8219531665532,91.2833055833056
2020-04-30,2020-04-19,86,7.94997224997225,4.32464612454755,93.9499722499722
2020-04-30,2020-04-20,81,9.61663891663892,4.9797391696556,90.6166389166389
2020-04-30,2020-04-21,60,12.6833055833056,6.05983594840749,72.6833055833056
2020-04-30,2020-04-22,70,16.2166389166389,7.1105349278171,86.2166389166389
2020-04-30,2020-04-23,73,21.1499722499723,8.41244499353373,94.1499722499723
2020-04-30,2020-04-24,71,26.4166389166389,9.88397897068991,97.4166389166389
2020-04-30,2020-04-25,48,34.4833055833056,12.202563833169,82.4833055833056
2020-04-30,2020-04-26,52,40.7499722499723,13.0481778442411,92.7499722499723
2020-04-30,2020-04-27,49,47.8833055833056,14.2259887030306,96.8833055833056
2020-04-30,2020-04-28,34,57.4166389166389,16.1046486133572,91.4166389166389
2020-04-30,2020-04-29,26,71.2166389166389,17.9273053855921,97.2166389166389
2020-04-30,2020-04-30,9,89.7499722499723,19.815522830724,98.7499722499723
2020-05-01,2020-04-03,78,0,0,78
2020-05-01,2020-04-04,73,0,0,73
2020-05-01,2020-04-05,86,0,0,86
2020-05-01,2020-04-06,90,0.5,0.577350269189626,90.5
2020-05-01,2020-04-07,84,0.5,0.577350269189626,84.5
2020-05-01,2020-04-08,114,0.5,0.577350269189626,114.5
2020-05-01,2020-04-09,86,0.5,0.816496580927726,86.5
2020-05-01,2020-04-10,90,0.75,0.938590635448906,90.75
2020-05-01,2020-04-11,101,0.861111111111111,1.22150050841721,101.861111111111
2020-05-01,2020-04-12,98,1.06111111111111,1.79593898153496,99.0611111111111
2020-05-01,2020-04-13,85,1.42474747474747,1.91831756493608,86.4247474747475
2020-05-01,2020-04-14,91,1.92474747474747,2.12087814315771,92.9247474747475
2020-05-01,2020-04-15,112,2.30936285936286,2.29227711120064,114.309362859363
2020-05-01,2020-04-16,108,2.59507714507715,2.43636061285127,110.595077145077
2020-05-01,2020-04-17,79,3.06174381174381,2.6299820183426,82.0617438117438
2020-05-01,2020-04-18,87,3.92841047841048,3.10032958119673,90.9284104784105
2020-05-01,2020-04-19,87,5.79507714507715,3.80133381198478,92.7950771450771
2020-05-01,2020-04-20,82,7.46174381174381,4.3064343540076,89.4617438117438
2020-05-01,2020-04-21,63,9.12841047841048,4.96393139966851,72.1284104784105
2020-05-01,2020-04-22,71,12.1950771450771,6.04685244275271,83.1950771450772
2020-05-01,2020-04-23,76,15.4617438117438,7.11555276356596,91.4617438117438
2020-05-01,2020-04-24,76,20.1284104784105,8.40989472147715,96.1284104784105
2020-05-01,2020-04-25,56,25.1950771450771,9.85285289541614,81.1950771450772
2020-05-01,2020-04-26,60,33.1284104784105,12.1656286192913,93.1284104784105
2020-05-01,2020-04-27,54,39.1950771450771,12.9586391733982,93.1950771450771
2020-05-01,2020-04-28,41,46.1284104784105,14.1519860860132,87.1284104784105
2020-05-01,2020-04-29,41,55.4617438117438,16.0517806663206,96.4617438117438
2020-05-01,2020-04-30,18,69.0617438117438,17.8462386509941,87.0617438117438
2020-05-01,2020-05-01,0,85.8617438117438,19.3302783880539,85.8617438117438
2020-05-02,2020-04-04,73,0,0,73
2020-05-02,2020-04-05,86,0,0,86
2020-05-02,2020-04-06,90,0,0,90
2020-05-02,2020-04-07,84,0.4,0.547722557505166,84.4
2020-05-02,2020-04-08,114,0.4,0.547722557505166,114.4
2020-05-02,2020-04-09,86,0.4,0.547722557505166,86.4
2020-05-02,2020-04-10,90,0.4,0.765319727770221,90.4
2020-05-02,2020-04-11,101,0.622222222222222,0.88326594531813,101.622222222222
2020-05-02,2020-04-12,98,0.722222222222222,1.15091406047679,98.7222222222222
2020-05-02,2020-04-13,85,0.904040404040404,1.69948213825257,85.9040404040404
2020-05-02,2020-04-14,91,1.23737373737374,1.82002251702608,92.2373737373738
2020-05-02,2020-04-15,112,1.6989121989122,2.02032490746234,113.698912198912
2020-05-02,2020-04-16,108,2.05605505605506,2.18872198794272,110.056055056055
2020-05-02,2020-04-17,79,2.32272172272172,2.32993544515705,81.3227217227217
2020-05-02,2020-04-18,87,2.85605505605506,2.50333665668332,89.8560550560551
2020-05-02,2020-04-19,87,3.45605505605506,2.87021305622474,90.4560550560551
2020-05-02,2020-04-20,83,4.98938838938839,3.53621120053507,87.9893883893884
2020-05-02,2020-04-21,63,6.72272172272172,4.05322084009731,69.7227217227217
2020-05-02,2020-04-22,71,8.25605505605506,4.7639548534034,79.2560550560551
2020-05-02,2020-04-23,76,11.2560550560551,5.91447209233251,87.2560550560551
2020-05-02,2020-04-24,76,14.3893883893884,7.04813579794106,90.3893883893884
2020-05-02,2020-04-25,56,18.8560550560551,8.43123609180422,74.8560550560551
2020-05-02,2020-04-26,60,23.9227217227217,9.87107506749508,83.9227217227217
2020-05-02,2020-04-27,54,31.7227217227217,12.2606621874121,85.7227217227217
2020-05-02,2020-04-28,41,37.4560550560551,13.1406323373808,78.4560550560551
2020-05-02,2020-04-29,41,44.3227217227217,14.3507102574362,85.3227217227217
2020-05-02,2020-04-30,22,53.1893883893884,16.3988974407988,75.1893883893884
2020-05-02,2020-05-01,10,66.7893883893884,18.1590861196925,76.7893883893884
2020-05-02,2020-05-02,1,82.3893883893884,19.4351186585994,83.3893883893884
2020-05-03,2020-04-05,86,0,0,86
2020-05-03,2020-04-06,90,0,0,90
2020-05-03,2020-04-07,84,0,0,84
2020-05-03,2020-04-08,114,0.333333333333333,0.516397779494322,114.333333333333
2020-05-03,2020-04-09,86,0.333333333333333,0.516397779494322,86.3333333333333
2020-05-03,2020-04-10,90,0.333333333333333,0.516397779494322,90.3333333333333
2020-05-03,2020-04-11,101,0.333333333333333,0.718795288428261,101.333333333333
2020-05-03,2020-04-12,98,0.533333333333333,0.833333333333333,98.5333333333333
2020-05-03,2020-04-13,85,0.624242424242424,1.08873942491008,85.6242424242424
2020-05-03,2020-04-14,91,0.790909090909091,1.61542438993472,91.7909090909091
2020-05-03,2020-04-15,112,1.0986013986014,1.73407954172577,113.098601398601
2020-05-03,2020-04-16,109,1.52717282717283,1.93191785081731,110.527172827173
2020-05-03,2020-04-17,79,1.92717282717283,2.10190886291981,80.9271728271728
2020-05-03,2020-04-18,87,2.19383949383949,2.24858090939955,89.1938394938395
2020-05-03,2020-04-19,87,2.52717282717283,2.33175223535188,89.5271728271728
2020-05-03,2020-04-20,83,2.99383949383949,2.69725114239733,85.9938394938395
2020-05-03,2020-04-21,63,4.39383949383949,3.41689387092484,67.3938394938395
2020-05-03,2020-04-22,71,6.06050616050616,3.97119652251079,77.0605061605062
2020-05-03,2020-04-23,76,7.52717282717283,4.70955684007802,83.5271728271728
2020-05-03,2020-04-24,76,10.3938394938395,5.91760262843163,86.3938394938395
2020-05-03,2020-04-25,56,13.0605061605062,7.00808525656323,69.0605061605062
2020-05-03,2020-04-26,60,16.7938394938395,8.26575966096177,76.7938394938395
2020-05-03,2020-04-27,54,21.1938394938395,9.71052065258147,75.1938394938395
2020-05-03,2020-04-28,42,28.3938394938395,12.2897139302373,70.3938394938395
2020-05-03,2020-04-29,41,33.7938394938395,13.2236772463502,74.7938394938395
2020-05-03,2020-04-30,23,40.3938394938395,14.5202296292816,63.3938394938395
2020-05-03,2020-05-01,11,48.6605061605062,16.6661596659482,59.6605061605062
2020-05-03,2020-05-02,5,60.9271728271728,18.5502899967429,65.9271728271728
2020-05-03,2020-05-03,3,75.7271728271728,20.0249587577346,78.7271728271728
2020-05-04,2020-04-06,90,0.916666666666667,0.763762615825973,90.9166666666667
2020-05-04,2020-04-07,84,0.916666666666667,0.763762615825973,84.9166666666667
2020-05-04,2020-04-08,114,0.916666666666667,0.763762615825973,114.916666666667
2020-05-04,2020-04-09,86,1.20238095238095,0.906326967174966,87.202380952381
2020-05-04,2020-04-10,90,1.20238095238095,0.906326967174966,91.202380952381
2020-05-04,2020-04-11,102,1.20238095238095,0.906326967174966,103.202380952381
2020-05-04,2020-04-12,97,1.30238095238095,1.06941609939761,98.302380952381
2020-05-04,2020-04-13,85,1.39329004329004,1.19773114034824,86.3932900432901
2020-05-04,2020-04-14,91,1.47662337662338,1.3716885876647,92.4766233766234
2020-05-04,2020-04-15,113,1.63046953046953,1.78583926746555,114.63046953047
2020-05-04,2020-04-16,108,1.98761238761239,1.89481418358656,109.987612387612
2020-05-04,2020-04-17,79,2.32094572094572,2.0975806539546,81.3209457209457
2020-05-04,2020-04-18,88,2.72094572094572,2.25511837506568,90.7209457209457
2020-05-04,2020-04-19,88,2.98761238761239,2.39241595958022,90.9876123876124
2020-05-04,2020-04-20,84,3.38761238761239,2.47460181113126,87.3876123876124
2020-05-04,2020-04-21,62,3.92094572094572,2.82165720131794,65.9209457209457
2020-05-04,2020-04-22,73,5.12094572094572,3.56435218582655,78.1209457209457
2020-05-04,2020-04-23,80,6.85427905427905,4.09527449278716,86.8542790542791
2020-05-04,2020-04-24,82,8.52094572094572,4.85600627890832,90.5209457209457
2020-05-04,2020-04-25,59,11.6542790542791,6.08196685212282,70.6542790542791
2020-05-04,2020-04-26,63,14.3876123876124,7.1454172346328,77.3876123876124
2020-05-04,2020-04-27,62,18.2542790542791,8.35177978350876,80.2542790542791
2020-05-04,2020-04-28,45,22.9876123876124,9.81785724026994,67.9876123876124
2020-05-04,2020-04-29,45,30.3209457209457,12.3137490647006,75.3209457209457
2020-05-04,2020-04-30,33,35.9876123876124,13.1695838900832,68.9876123876124
2020-05-04,2020-05-01,22,43.1876123876124,14.4086560237022,65.1876123876124
2020-05-04,2020-05-02,19,52.0542790542791,16.488663835376,71.0542790542791
2020-05-04,2020-05-03,20,65.0542790542791,18.2135438049046,85.0542790542791
2020-05-04,2020-05-04,3,80.5209457209457,19.5995587129584,83.5209457209457
2020-05-05,2020-04-07,84,0.2,1.01653004546513,84.2
2020-05-05,2020-04-08,114,0.2,1.01653004546513,114.2
2020-05-05,2020-04-09,86,0.2,1.01653004546513,86.2
2020-05-05,2020-04-10,90,0.45,1.11696868694653,90.45
2020-05-05,2020-04-11,102,0.45,1.11696868694653,102.45
2020-05-05,2020-04-12,98,0.45,1.11696868694653,98.45
2020-05-05,2020-04-13,85,0.631818181818182,1.26935235898288,85.6318181818182
2020-05-05,2020-04-14,91,0.715151515151515,1.36982003431361,91.7151515151515
2020-05-05,2020-04-15,113,0.792074592074592,1.51217172856238,113.792074592075
2020-05-05,2020-04-16,108,0.934931734931735,1.86961347488045,108.934931734932
2020-05-05,2020-04-17,79,1.26826506826507,1.96885929573622,80.2682650682651
2020-05-05,2020-04-18,89,1.6015984015984,2.16470107311165,90.6015984015984
2020-05-05,2020-04-19,88,2.06826506826507,2.31973464671476,90.0682650682651
2020-05-05,2020-04-20,86,2.33493173493174,2.45341885320548,88.3349317349317
2020-05-05,2020-04-21,62,2.86826506826507,2.56352199554539,64.8682650682651
2020-05-05,2020-04-22,73,3.4015984015984,2.89995521685082,76.4015984015984
2020-05-05,2020-04-23,81,4.6015984015984,3.62665098990755,85.6015984015984
2020-05-05,2020-04-24,82,6.4015984015984,4.127748985623,88.4015984015984
2020-05-05,2020-04-25,62,8.0015984015984,4.89997349582018,70.0015984015984
2020-05-05,2020-04-26,66,11.3349317349317,6.05610493026722,77.3349317349317
2020-05-05,2020-04-27,66,14.2682650682651,7.08319454918789,80.2682650682651
2020-05-05,2020-04-28,51,18.4015984015984,8.22946085561053,69.4015984015984
2020-05-05,2020-04-29,55,23.5349317349317,9.6283424510649,78.5349317349317
2020-05-05,2020-04-30,40,31.5349317349317,12.0055632847255,71.5349317349317
2020-05-05,2020-05-01,32,37.6015984015984,12.8196362504197,69.6015984015984
2020-05-05,2020-05-02,27,45.3349317349317,14.0299077576551,72.3349317349317
2020-05-05,2020-05-03,31,54.2682650682651,16.1525533076037,85.2682650682651
2020-05-05,2020-05-04,19,67.3349317349317,17.8997267144003,86.3349317349317
2020-05-05,2020-05-05,4,82.8015984015984,19.308281649586,86.8015984015984
2020-05-06,2020-04-08,114,0.1,0.894427190999916,114.1
2020-05-06,2020-04-09,86,0.1,0.894427190999916,86.1
2020-05-06,2020-04-10,90,0.1,0.894427190999916,90.1
2020-05-06,2020-04-11,102,0.322222222222222,0.99721835344344,102.322222222222
2020-05-06,2020-04-12,96,0.322222222222222,0.99721835344344,96.3222222222222
2020-05-06,2020-04-13,86,0.14040404040404,1.16536724172289,86.140404040404
2020-05-06,2020-04-14,91,0.39040404040404,1.32077418374393,91.390404040404
2020-05-06,2020-04-15,113,0.467327117327117,1.40997666223033,113.467327117327
2020-05-06,2020-04-16,109,0.538755688755689,1.53855616314617,109.538755688756
2020-05-06,2020-04-17,81,0.738755688755689,1.8811123407664,81.7387556887557
2020-05-06,2020-04-18,89,1.20542235542236,2.02261330732411,90.2054223554224
2020-05-06,2020-04-19,88,1.40542235542236,2.16586347468269,89.4054223554224
2020-05-06,2020-04-20,85,1.80542235542236,2.31876667146112,86.8054223554224
2020-05-06,2020-04-21,63,1.93875568875569,2.46412600568984,64.9387556887557
2020-05-06,2020-04-22,72,2.53875568875569,2.57192031656778,74.5387556887557
2020-05-06,2020-04-23,82,2.80542235542236,2.84780831693641,84.8054223554224
2020-05-06,2020-04-24,85,3.80542235542236,3.50040988355212,88.8054223554224
2020-05-06,2020-04-25,69,5.60542235542236,4.01728560580196,74.6054223554224
2020-05-06,2020-04-26,68,7.47208902208902,4.99766734353927,75.472089022089
2020-05-06,2020-04-27,71,10.272089022089,5.85584875069059,81.272089022089
2020-05-06,2020-04-28,63,13.072089022089,6.84769775844149,76.072089022089
2020-05-06,2020-04-29,62,17.4054223554224,8.19323256285697,79.4054223554224
2020-05-06,2020-04-30,48,22.5387556887557,9.59739611613547,70.5387556887557
2020-05-06,2020-05-01,37,29.7387556887557,11.5137810934182,66.7387556887557
2020-05-06,2020-05-02,37,35.1387556887557,12.1112113672184,72.1387556887557
2020-05-06,2020-05-03,36,42.272089022089,13.0418926767155,78.272089022089
2020-05-06,2020-05-04,28,49.4054223554224,13.9207112852111,77.4054223554224
2020-05-06,2020-05-05,18,61.3387556887557,15.5286375332346,79.3387556887557
2020-05-06,2020-05-06,1,76.472089022089,17.1082133664204,77.472089022089
2020-05-07,2020-04-09,86,0.369047619047619,1.02701601972019,86.3690476190476
2020-05-07,2020-04-10,90,0.369047619047619,1.02701601972019,90.3690476190476
2020-05-07,2020-04-11,102,0.369047619047619,1.02701601972019,102.369047619048
2020-05-07,2020-04-12,96,0.569047619047619,1.1101980375319,96.5690476190476
2020-05-07,2020-04-13,86,0.569047619047619,1.1101980375319,86.5690476190476
2020-05-07,2020-04-14,91,0.402380952380952,1.25134847899097,91.4023809523809
2020-05-07,2020-04-15,113,0.633150183150183,1.38738868917379,113.63315018315
2020-05-07,2020-04-16,109,0.704578754578755,1.46632946506646,109.704578754579
2020-05-07,2020-04-17,81,0.771245421245421,1.58193016675928,81.7712454212454
2020-05-07,2020-04-18,90,0.837912087912088,1.85103013922318,90.8379120879121
2020-05-07,2020-04-19,88,1.37124542124542,1.99466627000447,89.3712454212454
2020-05-07,2020-04-20,84,1.43791208791209,2.08112336997942,85.4379120879121
2020-05-07,2020-04-21,63,1.63791208791209,2.22060227890419,64.6379120879121
2020-05-07,2020-04-22,74,1.83791208791209,2.35182365007976,75.8379120879121
2020-05-07,2020-04-23,82,2.50457875457875,2.48952628982727,84.5045787545788
2020-05-07,2020-04-24,85,2.50457875457875,2.57416249998181,87.5045787545788
2020-05-07,2020-04-25,69,3.10457875457875,2.98051261253084,72.1045787545788
2020-05-07,2020-04-26,69,4.50457875457876,3.40134822080447,73.5045787545788
2020-05-07,2020-04-27,72,5.83791208791209,4.06467104100082,77.8379120879121
2020-05-07,2020-04-28,66,8.17124542124542,4.88901861854739,74.1712454212454
2020-05-07,2020-04-29,66,10.3712454212454,5.48397042515107,76.3712454212454
2020-05-07,2020-04-30,58,14.0379120879121,6.57032493254099,72.0379120879121
2020-05-07,2020-05-01,47,18.5712454212454,7.46468691048397,65.5712454212454
2020-05-07,2020-05-02,47,25.2379120879121,9.38629336066709,72.2379120879121
2020-05-07,2020-05-03,44,30.7712454212454,10.1600350676714,74.7712454212454
2020-05-07,2020-05-04,36,37.9045787545788,11.2532589229004,73.9045787545788
2020-05-07,2020-05-05,32,44.9045787545788,12.238410580165,76.9045787545788
2020-05-07,2020-05-06,21,56.1045787545788,13.5891282948689,77.1045787545788
2020-05-07,2020-05-07,6,71.5712454212454,15.4203831774122,77.5712454212454
2020-05-08,2020-04-10,90,-0.85952380952381,1.02817452659695,89.1404761904762
2020-05-08,2020-04-11,103,-0.85952380952381,1.02817452659695,102.140476190476
2020-05-08,2020-04-12,97,-0.75952380952381,1.07570574840095,96.2404761904762
2020-05-08,2020-04-13,85,-0.486796536796537,1.17274237380794,84.5132034632035
2020-05-08,2020-04-14,91,-0.57012987012987,1.20774914972357,90.4298701298701
2020-05-08,2020-04-15,114,-0.723976023976024,1.32904112665873,113.276023976024
2020-05-08,2020-04-16,110,-0.438261738261738,1.46286591660914,109.561738261738
2020-05-08,2020-04-17,82,-0.304928404928405,1.55133599089409,81.6950715950716
2020-05-08,2020-04-18,89,-0.171595071595072,1.67814396467263,88.8284049284049
2020-05-08,2020-04-19,89,0.0284049284049284,1.76930858824934,89.0284049284049
2020-05-08,2020-04-20,83,0.628404928404928,1.91658812041347,83.6284049284049
2020-05-08,2020-04-21,62,0.495071595071595,1.94861990832475,62.4950715950716
2020-05-08,2020-04-22,76,0.495071595071595,2.05564855354484,76.4950715950716
2020-05-08,2020-04-23,83,0.761738261738262,2.23755298409744,83.7617382617383
2020-05-08,2020-04-24,85,1.42840492840493,2.38187111811492,86.4284049284049
2020-05-08,2020-04-25,73,1.4950715950716,2.45472828958542,74.4950715950716
2020-05-08,2020-04-26,70,2.02840492840493,2.77865598283218,72.0284049284049
2020-05-08,2020-04-27,71,3.29507159507159,3.19627395042527,74.2950715950716
2020-05-08,2020-04-28,69,4.4950715950716,3.94086955892388,73.4950715950716
2020-05-08,2020-04-29,71,7.02840492840493,4.74461855805135,78.0284049284049
2020-05-08,2020-04-30,64,9.02840492840493,5.17659343073411,73.0284049284049
2020-05-08,2020-05-01,67,12.6950715950716,6.31603971190474,79.6950715950716
2020-05-08,2020-05-02,61,18.3617382617383,8.2454590980488,79.3617382617383
2020-05-08,2020-05-03,60,25.4950715950716,10.1964968552218,85.4950715950716
2020-05-08,2020-05-04,57,31.8284049284049,11.2278130646082,88.8284049284049
2020-05-08,2020-05-05,37,39.8950715950716,12.7386541684477,76.8950715950716
2020-05-08,2020-05-06,32,46.6950715950716,13.6230538330286,78.6950715950716
2020-05-08,2020-05-07,21,58.0950715950716,14.8223439931706,79.0950715950716
2020-05-08,2020-05-08,4,73.1617382617383,16.4463623282729,77.1617382617383
2020-05-09,2020-04-11,103,-0.212301587301587,1.23072439631403,102.787698412698
2020-05-09,2020-04-12,97,-0.212301587301587,1.23072439631403,96.7876984126984
2020-05-09,2020-04-13,85,-0.121392496392496,1.2671194223875,84.8786075036075
2020-05-09,2020-04-14,91,0.128607503607504,1.34541335103272,91.1286075036075
2020-05-09,2020-04-15,114,0.0516844266844267,1.37370308366115,114.051684426684
2020-05-09,2020-04-16,110,-0.0911727161727162,1.47403339438917,109.908827283827
2020-05-09,2020-04-17,82,0.17549395049395,1.5890737554171,82.1754939504939
2020-05-09,2020-04-18,89,0.308827283827284,1.67087464126489,89.3088272838273
2020-05-09,2020-04-19,89,0.442160617160617,1.78923052632853,89.4421606171606
2020-05-09,2020-04-20,83,0.642160617160617,1.87500175750093,83.6421606171606
2020-05-09,2020-04-21,62,1.24216061716062,2.01456911856822,63.2421606171606
2020-05-09,2020-04-22,76,1.10882728382728,2.04506680998403,77.1088272838273
2020-05-09,2020-04-23,83,1.10882728382728,2.14729357235327,84.1088272838273
2020-05-09,2020-04-24,85,1.44216061716062,2.29728891359715,86.4421606171606
2020-05-09,2020-04-25,73,2.10882728382728,2.43807362874935,75.1088272838273
2020-05-09,2020-04-26,70,2.17549395049395,2.5092994981835,72.175493950494
2020-05-09,2020-04-27,72,2.57549395049395,2.79990019722866,74.575493950494
2020-05-09,2020-04-28,72,3.84216061716062,3.21475958816195,75.8421606171606
2020-05-09,2020-04-29,75,5.24216061716062,3.96669625881277,80.2421606171606
2020-05-09,2020-04-30,69,7.90882728382728,4.77806627255392,76.9088272838273
2020-05-09,2020-05-01,67,9.84216061716062,5.15857244650782,76.8421606171606
2020-05-09,2020-05-02,61,12.975493950494,6.24663057138755,73.975493950494
2020-05-09,2020-05-03,64,18.1088272838273,8.28948922374784,82.1088272838273
2020-05-09,2020-05-04,60,24.9088272838273,10.2484104769919,84.9088272838273
2020-05-09,2020-05-05,42,30.575493950494,11.1475563485013,72.575493950494
2020-05-09,2020-05-06,38,37.9088272838273,12.4930995494527,75.9088272838273
2020-05-09,2020-05-07,30,44.0421606171606,13.1497388411569,74.0421606171606
2020-05-09,2020-05-08,8,55.1088272838273,14.3819136805378,63.1088272838273
2020-05-09,2020-05-09,1,68.575493950494,15.864347964935,69.575493950494
2020-05-10,2020-04-12,97,-0.0837301587301587,1.11144836151639,96.9162698412698
2020-05-10,2020-04-13,85,-0.0837301587301587,1.11144836151639,84.9162698412698
2020-05-10,2020-04-14,91,-0.000396825396825382,1.14832521249461,90.9996031746032
2020-05-10,2020-04-15,114,0.230372405372405,1.22921051328016,114.230372405372
2020-05-10,2020-04-16,110,0.158943833943834,1.25792967108144,110.158943833944
2020-05-10,2020-04-17,82,0.0256105006105006,1.35979914842367,82.0256105006105
2020-05-10,2020-04-18,89,0.292277167277167,1.48372324792553,89.2922771672772
2020-05-10,2020-04-19,89,0.425610500610501,1.57101920519812,89.4256105006105
2020-05-10,2020-04-20,83,0.558943833943834,1.69635643442796,83.5589438339438
2020-05-10,2020-04-21,62,0.758943833943834,1.78659196989992,62.7589438339438
2020-05-10,2020-04-22,76,1.35894383394383,1.93255478829657,77.3589438339439
2020-05-10,2020-04-23,83,1.2256105006105,1.96432622890841,84.2256105006105
2020-05-10,2020-04-24,85,1.2256105006105,2.07054315631164,86.2256105006105
2020-05-10,2020-04-25,73,1.55894383394383,2.2257168797526,74.5589438339438
2020-05-10,2020-04-26,70,2.2256105006105,2.37075563807877,72.2256105006105
2020-05-10,2020-04-27,72,2.29227716727717,2.44394419900767,74.2922771672772
2020-05-10,2020-04-28,72,2.6256105006105,2.73800525413535,74.6256105006105
2020-05-10,2020-04-29,75,3.89227716727717,3.16099839716993,78.8922771672772
2020-05-10,2020-04-30,69,5.35894383394383,3.88789408172604,74.3589438339438
2020-05-10,2020-05-01,67,7.95894383394383,4.74507327559021,74.9589438339438
2020-05-10,2020-05-02,61,9.89227716727717,5.12802815628705,70.8922771672772
2020-05-10,2020-05-03,64,12.8922771672772,6.26870582909046,76.8922771672772
2020-05-10,2020-05-04,60,17.9589438339438,8.34560086057641,77.9589438339438
2020-05-10,2020-05-05,42,24.5589438339438,10.401534063152,66.5589438339438
2020-05-10,2020-05-06,38,30.2256105006105,11.288489983386,68.2256105006105
2020-05-10,2020-05-07,30,37.2922771672772,12.7362065971764,67.2922771672772
2020-05-10,2020-05-08,8,43.2256105006105,13.4533234134511,51.2256105006105
2020-05-10,2020-05-09,4,53.6256105006105,14.9367398243792,57.6256105006105
2020-05-10,2020-05-10,1,66.4256105006105,16.5914925534933,67.4256105006105
2020-05-11,2020-04-13,85,-0.0292929292929293,1.03017251528829,84.9707070707071
2020-05-11,2020-04-14,91,-0.0292929292929293,1.03017251528829,90.9707070707071
2020-05-11,2020-04-15,114,0.0476301476301476,1.06685448313183,114.04763014763
2020-05-11,2020-04-16,110,0.261915861915862,1.1486936795757,110.261915861916
2020-05-11,2020-04-17,82,0.195249195249195,1.17735459236537,82.1952491952492
2020-05-11,2020-04-18,89,0.0619158619158619,1.28562455749356,89.0619158619159
2020-05-11,2020-04-19,89,0.328582528582529,1.41605489131299,89.3285825285825
2020-05-11,2020-04-20,83,0.461915861915862,1.50727506510196,83.4619158619159
2020-05-11,2020-04-21,62,0.595249195249195,1.63749868134357,62.5952491952492
2020-05-11,2020-04-22,76,0.795249195249195,1.73080549042567,76.7952491952492
2020-05-11,2020-04-23,83,1.3952491952492,1.88110201439071,84.3952491952492
2020-05-11,2020-04-24,85,1.26191586191586,1.91372785744324,86.2619158619159
2020-05-11,2020-04-25,71,1.26191586191586,2.02260370337981,72.2619158619159
2020-05-11,2020-04-26,72,1.46191586191586,2.26263058617556,73.4619158619159
2020-05-11,2020-04-27,73,2.26191586191586,2.42122991728467,75.2619158619159
2020-05-11,2020-04-28,72,2.3952491952492,2.50437180184535,74.3952491952492
2020-05-11,2020-04-29,76,2.72858252858253,2.79207586674998,78.7285825285825
2020-05-11,2020-04-30,70,4.06191586191586,3.19008464255105,74.0619158619159
2020-05-11,2020-05-01,67,5.5952491952492,3.89327528022261,72.5952491952492
2020-05-11,2020-05-02,62,8.1952491952492,4.74948338323153,70.1952491952492
2020-05-11,2020-05-03,64,10.1952491952492,5.1116554049565,74.1952491952492
2020-05-11,2020-05-04,60,13.1952491952492,6.25531941462792,73.1952491952492
2020-05-11,2020-05-05,42,18.2619158619159,8.3355504876044,60.2619158619159
2020-05-11,2020-05-06,38,24.8619158619159,10.3934719451326,62.8619158619159
2020-05-11,2020-05-07,32,30.4619158619159,11.3135179164435,62.4619158619159
2020-05-11,2020-05-08,13,37.6619158619159,12.689533445886,50.6619158619159
2020-05-11,2020-05-09,14,43.9285825285825,13.3129178951792,57.9285825285825
2020-05-11,2020-05-10,9,54.9952491952492,14.5312625882128,63.9952491952492
2020-05-11,2020-05-11,1,68.2619158619159,15.9623208727831,69.2619158619159
2020-05-12,2020-04-14,91,-0.00202020202020206,0.967919772950572,90.9979797979798
2020-05-12,2020-04-15,114,-0.00202020202020206,0.967919772950572,113.99797979798
2020-05-12,2020-04-16,110,0.0694083694083694,1.00414005910394,110.069408369408
2020-05-12,2020-04-17,82,0.269408369408369,1.08615184469108,82.2694083694084
2020-05-12,2020-04-18,89,0.202741702741703,1.11641949839319,89.2027417027417
2020-05-12,2020-04-19,89,0.0694083694083694,1.23006469872896,89.0694083694084
2020-05-12,2020-04-20,83,0.269408369408369,1.35179320805546,83.2694083694084
2020-05-12,2020-04-21,62,0.402741702741703,1.44706998587198,62.4027417027417
2020-05-12,2020-04-22,76,0.536075036075036,1.5822564120696,76.536075036075
2020-05-12,2020-04-23,83,0.736075036075036,1.67863666939009,83.736075036075
2020-05-12,2020-04-24,85,1.33607503607504,1.8332152657771,86.336075036075
2020-05-12,2020-04-25,71,1.2027417027417,1.86667826217796,72.2027417027417
2020-05-12,2020-04-26,72,1.2027417027417,1.97814538471245,73.2027417027417
2020-05-12,2020-04-27,73,1.26940836940837,2.16656676426358,74.2694083694084
2020-05-12,2020-04-28,73,2.06940836940837,2.33170939159851,75.0694083694084
2020-05-12,2020-04-29,76,2.26940836940837,2.42775854318578,78.2694083694084
2020-05-12,2020-04-30,70,2.6027417027417,2.72356770942473,72.6027417027417
2020-05-12,2020-05-01,68,3.93607503607504,3.13029925866098,71.936075036075
2020-05-12,2020-05-02,63,5.46940836940837,3.84444089949707,68.4694083694084
2020-05-12,2020-05-03,64,8.13607503607504,4.67706787688226,72.1360750360751
2020-05-12,2020-05-04,60,10.0694083694084,5.06516695735849,70.0694083694084
2020-05-12,2020-05-05,45,13.0027417027417,6.2456622753954,58.0027417027417
2020-05-12,2020-05-06,42,18.136075036075,8.3059767420364,60.136075036075
2020-05-12,2020-05-07,36,24.936075036075,10.2826118657716,60.9360750360751
2020-05-12,2020-05-08,18,30.2694083694084,11.198159377718,48.2694083694084
2020-05-12,2020-05-09,25,37.4027417027417,12.5962470647189,62.4027417027417
2020-05-12,2020-05-10,19,43.6694083694084,13.2240297914427,62.6694083694084
2020-05-12,2020-05-11,16,54.0694083694084,14.2373991779937,70.0694083694084
2020-05-12,2020-05-12,3,66.8027417027417,15.4752863538769,69.8027417027417
2020-05-13,2020-04-15,114,0.012937062937063,0.917349819605744,114.012937062937
2020-05-13,2020-04-16,110,0.012937062937063,0.917349819605744,110.012937062937
2020-05-13,2020-04-17,82,0.0796037296037296,0.952993892004224,82.0796037296037
2020-05-13,2020-04-18,89,0.212937062937063,1.01587739516483,89.2129370629371
2020-05-13,2020-04-19,89,0.146270396270396,1.04817629656158,89.1462703962704
2020-05-13,2020-04-20,83,0.012937062937063,1.16847773420815,83.0129370629371
2020-05-13,2020-04-21,62,0.212937062937063,1.29600383086854,62.2129370629371
2020-05-13,2020-04-22,77,0.346270396270396,1.39509590935269,77.3462703962704
2020-05-13,2020-04-23,83,0.546270396270396,1.5503017298047,83.5462703962704
2020-05-13,2020-04-24,85,0.67960372960373,1.63404471178182,85.6796037296037
2020-05-13,2020-04-25,72,1.21293706293706,1.79512759225718,73.2129370629371
2020-05-13,2020-04-26,74,1.1462703962704,1.85256764573035,75.1462703962704
2020-05-13,2020-04-27,74,1.3462703962704,2.00798577734178,75.3462703962704
2020-05-13,2020-04-28,74,1.47960372960373,2.20683078646781,75.4796037296037
2020-05-13,2020-04-29,80,2.3462703962704,2.35909733062038,82.3462703962704
2020-05-13,2020-04-30,72,2.81293706293706,2.64099678622751,74.8129370629371
2020-05-13,2020-05-01,73,3.27960372960373,2.94450371371851,76.2796037296037
2020-05-13,2020-05-02,69,4.9462703962704,3.43006417073212,73.9462703962704
2020-05-13,2020-05-03,72,6.81293706293706,4.2464110590011,78.8129370629371
2020-05-13,2020-05-04,77,9.87960372960373,5.19189911360154,86.8796037296037
2020-05-13,2020-05-05,59,12.9462703962704,6.73113640912122,71.9462703962704
2020-05-13,2020-05-06,64,16.7462703962704,8.14473871814,80.7462703962704
2020-05-13,2020-05-07,51,23.2129370629371,10.6785770064184,74.2129370629371
2020-05-13,2020-05-08,31,30.4129370629371,12.452332243824,61.4129370629371
2020-05-13,2020-05-09,33,36.1462703962704,13.3624779291049,69.1462703962704
2020-05-13,2020-05-10,30,42.8796037296037,14.433875736848,72.8796037296037
2020-05-13,2020-05-11,22,49.3462703962704,15.0296091013422,71.3462703962704
2020-05-13,2020-05-12,12,59.0129370629371,15.8560070403289,71.0129370629371
2020-05-13,2020-05-13,1,71.0796037296037,16.9088201054419,72.0796037296037
2020-05-14,2020-04-16,110,0.164418914418914,1.00351529985494,110.164418914419
2020-05-14,2020-04-17,82,0.164418914418914,1.00351529985494,82.1644189144189
2020-05-14,2020-04-18,89,0.231085581085581,1.03619960611343,89.2310855810856
2020-05-14,2020-04-19,89,0.364418914418914,1.0943121801018,89.3644189144189
2020-05-14,2020-04-20,84,0.297752247752248,1.12436017991826,84.2977522477523
2020-05-14,2020-04-21,61,0.231085581085581,1.27144278934082,61.2310855810856
2020-05-14,2020-04-22,78,0.431085581085581,1.38955117964488,78.4310855810856
2020-05-14,2020-04-23,84,0.564418914418915,1.48240316632121,84.5644189144189
2020-05-14,2020-04-24,86,0.697752247752248,1.56977253581078,86.6977522477523
2020-05-14,2020-04-25,72,0.831085581085581,1.65252911649159,72.8310855810856
2020-05-14,2020-04-26,74,1.23108558108558,1.76942151022657,75.2310855810856
2020-05-14,2020-04-27,74,1.16441891441891,1.82766963381687,75.1644189144189
2020-05-14,2020-04-28,75,1.29775224775225,1.97300715730005,76.2977522477523
2020-05-14,2020-04-29,81,1.43108558108558,2.17505229382019,82.4310855810856
2020-05-14,2020-04-30,72,2.29775224775225,2.32939704131575,74.2977522477522
2020-05-14,2020-05-01,74,2.69775224775225,2.61267881227115,76.6977522477523
2020-05-14,2020-05-02,69,3.29775224775225,2.89291336181154,72.2977522477522
2020-05-14,2020-05-03,72,4.63108558108558,3.2787040274932,76.6310855810856
2020-05-14,2020-05-04,78,6.16441891441891,4.05526055823028,84.1644189144189
2020-05-14,2020-05-05,62,8.69775224775225,4.78065497653428,70.6977522477523
2020-05-14,2020-05-06,68,11.8310855810856,6.41259141621612,79.8310855810856
2020-05-14,2020-05-07,57,15.2977522477522,7.7525660946735,72.2977522477522
2020-05-14,2020-05-08,34,21.6310855810856,10.374299522189,55.6310855810856
2020-05-14,2020-05-09,40,28.2977522477523,12.1892769075311,68.2977522477523
2020-05-14,2020-05-10,38,34.0977522477523,13.1216794477106,72.0977522477523
2020-05-14,2020-05-11,31,40.6977522477523,14.1877678738679,71.6977522477523
2020-05-14,2020-05-12,19,47.4310855810856,14.8011387948262,66.4310855810856
2020-05-14,2020-05-13,9,56.6310855810856,15.6054750802676,65.6310855810856
2020-05-14,2020-05-14,3,68.2310855810856,16.684106925737,71.2310855810856
2020-05-15,2020-04-17,82,-0.340018315018315,1.19628337198755,81.6599816849817
2020-05-15,2020-04-18,89,-0.340018315018315,1.19628337198755,88.6599816849817
2020-05-15,2020-04-19,89,-0.273351648351648,1.22383028756465,88.7266483516484
2020-05-15,2020-04-20,84,-0.206684981684982,1.25077065820527,83.793315018315
2020-05-15,2020-04-21,62,-0.273351648351648,1.27714286831737,61.7266483516484
2020-05-15,2020-04-22,77,-0.273351648351648,1.43515341851153,76.7266483516484
2020-05-15,2020-04-23,85,-0.140018315018315,1.57136537577648,84.8599816849817
2020-05-15,2020-04-24,88,-0.00668498168498168,1.65404226392671,87.993315018315
2020-05-15,2020-04-25,72,0.259981684981685,1.79752438261457,72.2599816849817
2020-05-15,2020-04-26,75,0.393315018315018,1.8702300855137,75.393315018315
2020-05-15,2020-04-27,74,0.793315018315018,1.97427469536551,74.793315018315
2020-05-15,2020-04-28,78,0.726648351648352,2.02664362488435,78.7266483516484
2020-05-15,2020-04-29,82,1.05998168498169,2.28090387292461,83.0599816849817
2020-05-15,2020-04-30,74,1.25998168498169,2.4674352601916,75.2599816849817
2020-05-15,2020-05-01,74,2.12664835164835,2.60451048346419,76.1266483516484
2020-05-15,2020-05-02,71,2.45998168498169,2.85734618823608,73.4599816849817
2020-05-15,2020-05-03,74,3.19331501831502,3.13089803052135,77.193315018315
2020-05-15,2020-05-04,80,4.39331501831502,3.41880633602384,84.393315018315
2020-05-15,2020-05-05,66,6.05998168498169,4.14874032533326,72.0599816849817
2020-05-15,2020-05-06,72,8.45998168498169,4.78516045423354,80.4599816849817
2020-05-15,2020-05-07,73,11.793315018315,6.39141154402856,84.793315018315
2020-05-15,2020-05-08,49,16.193315018315,8.36447411613111,65.193315018315
2020-05-15,2020-05-09,49,22.993315018315,11.0644281414165,71.993315018315
2020-05-15,2020-05-10,59,28.8599816849817,12.1820573992049,87.8599816849817
2020-05-15,2020-05-11,41,35.4599816849817,13.6780202062739,76.4599816849817
2020-05-15,2020-05-12,28,42.2599816849817,14.7300356771106,70.2599816849817
2020-05-15,2020-05-13,15,48.6599816849817,15.2062846845011,63.6599816849817
2020-05-15,2020-05-14,12,57.1266483516484,15.8586809215887,69.1266483516484
2020-05-15,2020-05-15,1,67.8599816849817,16.6816879527736,68.8599816849817
2020-05-16,2020-04-18,87,-0.138217338217338,1.16690212171397,86.8617826617827
2020-05-16,2020-04-19,88,-0.271550671550672,1.27605925737296,87.7284493284493
2020-05-16,2020-04-20,84,-0.271550671550672,1.33085850907764,83.7284493284493
2020-05-16,2020-04-21,62,-0.204884004884005,1.35567364725108,61.795115995116
2020-05-16,2020-04-22,77,-0.271550671550672,1.38004264590545,76.7284493284493
2020-05-16,2020-04-23,86,-0.271550671550672,1.52744529626731,85.7284493284493
2020-05-16,2020-04-24,88,-0.0715506715506715,1.67039875186495,87.9284493284493
2020-05-16,2020-04-25,72,0.0617826617826618,1.74839888380731,72.0617826617827
2020-05-16,2020-04-26,75,0.395115995115995,1.85414428722552,75.395115995116
2020-05-16,2020-04-27,74,0.461782661782662,1.90981016003551,74.4617826617827
2020-05-16,2020-04-28,78,0.861782661782662,2.01180884961143,78.8617826617827
2020-05-16,2020-04-29,82,0.795115995115995,2.06322530444415,82.795115995116
2020-05-16,2020-04-30,75,1.12844932844933,2.31346855438684,76.1284493284493
2020-05-16,2020-05-01,75,1.395115995116,2.5051838806655,76.395115995116
2020-05-16,2020-05-02,71,2.32844932844933,2.62945650544775,73.3284493284493
2020-05-16,2020-05-03,74,2.72844932844933,2.85852835759668,76.7284493284493
2020-05-16,2020-05-04,80,3.32844932844933,3.11673571450027,83.3284493284493
2020-05-16,2020-05-05,66,4.46178266178266,3.41979442291403,70.4617826617827
2020-05-16,2020-05-06,72,6.06178266178266,4.16901765176261,78.0617826617827
2020-05-16,2020-05-07,75,8.26178266178266,4.83831371546736,83.2617826617827
2020-05-16,2020-05-08,50,11.6617826617827,6.41053772276506,61.6617826617827
2020-05-16,2020-05-09,52,15.9284493284493,8.4187853206948,67.9284493284493
2020-05-16,2020-05-10,61,22.595115995116,11.1406481640002,83.595115995116
2020-05-16,2020-05-11,44,28.0617826617827,12.2746251456581,72.0617826617827
2020-05-16,2020-05-12,31,34.3284493284493,13.7847308069038,65.3284493284493
2020-05-16,2020-05-13,17,40.995115995116,14.8554861948531,57.995115995116
2020-05-16,2020-05-14,17,47.0617826617827,15.3681719205867,64.0617826617827
2020-05-16,2020-05-15,6,54.8617826617827,15.9304961686919,60.8617826617827
2020-05-16,2020-05-16,0,65.3284493284493,16.8112701310402,65.3284493284493
2020-05-17,2020-04-19,88,-0.0718864468864469,1.12354912547812,87.9281135531136
2020-05-17,2020-04-20,84,-0.20521978021978,1.23653924483993,83.7947802197802
2020-05-17,2020-04-21,62,-0.20521978021978,1.29301448054012,61.7947802197802
2020-05-17,2020-04-22,77,-0.138553113553114,1.31854204087436,76.8614468864469
2020-05-17,2020-04-23,86,-0.20521978021978,1.34358467549306,85.7947802197802
2020-05-17,2020-04-24,88,-0.20521978021978,1.49458730383715,87.7947802197802
2020-05-17,2020-04-25,72,-0.00521978021978023,1.64040667699631,71.9947802197802
2020-05-17,2020-04-26,75,0.128113553113553,1.71976763913057,75.1281135531136
2020-05-17,2020-04-27,74,0.461446886446886,1.82717079485009,74.4614468864469
2020-05-17,2020-04-28,78,0.528113553113553,1.88363396738244,78.5281135531136
2020-05-17,2020-04-29,82,0.928113553113553,1.98697683003022,82.9281135531136
2020-05-17,2020-04-30,75,0.861446886446887,2.03901955179462,75.8614468864469
2020-05-17,2020-05-01,75,1.19478021978022,2.29190724677916,76.1947802197802
2020-05-17,2020-05-02,71,1.46144688644689,2.48528637216083,72.4614468864469
2020-05-17,2020-05-03,74,2.39478021978022,2.61050638569294,76.3947802197802
2020-05-17,2020-05-04,80,2.79478021978022,2.84110655324408,82.7947802197802
2020-05-17,2020-05-05,66,3.39478021978022,3.10076500072863,69.3947802197802
2020-05-17,2020-05-06,72,4.46144688644689,3.41780781443461,76.4614468864469
2020-05-17,2020-05-07,75,6.06144688644689,4.16738821591228,81.0614468864469
2020-05-17,2020-05-08,50,8.26144688644689,4.83690975424351,58.2614468864469
2020-05-17,2020-05-09,52,11.6614468864469,6.40947815788542,63.6614468864469
2020-05-17,2020-05-10,61,15.9281135531136,8.41797853628546,76.9281135531136
2020-05-17,2020-05-11,44,22.5947802197802,11.1400385042179,66.5947802197802
2020-05-17,2020-05-12,31,28.0614468864469,12.2740718112548,59.0614468864469
2020-05-17,2020-05-13,17,34.3281135531136,13.7842380921188,51.3281135531136
2020-05-17,2020-05-14,18,40.9947802197802,14.8550289951547,58.9947802197802
2020-05-17,2020-05-15,8,47.1281135531136,15.3416793260101,55.1281135531136
2020-05-17,2020-05-16,2,54.7947802197802,15.9473980791383,56.7947802197802
2020-05-17,2020-05-17,0,64.7281135531136,16.9693135021014,64.7281135531136
2020-05-18,2020-04-20,84,-0.0305916305916306,1.0920148316284,83.9694083694084
2020-05-18,2020-04-21,62,-0.163924963924964,1.20795821912973,61.836075036075
2020-05-18,2020-04-22,77,-0.163924963924964,1.26570936712193,76.836075036075
2020-05-18,2020-04-23,86,-0.0972582972582972,1.29177663266018,85.9027417027417
2020-05-18,2020-04-24,88,-0.163924963924964,1.31732818058126,87.836075036075
2020-05-18,2020-04-25,72,-0.163924963924964,1.47102853946651,71.836075036075
2020-05-18,2020-04-26,75,0.0360750360750361,1.61897122305118,75.036075036075
2020-05-18,2020-04-27,74,0.169408369408369,1.69933354222604,74.1694083694084
2020-05-18,2020-04-28,78,0.502741702741703,1.80795101390687,78.5027417027417
2020-05-18,2020-04-29,82,0.569408369408369,1.86499616037425,82.5694083694084
2020-05-18,2020-04-30,75,0.969408369408369,1.96931731272811,75.9694083694084
2020-05-18,2020-05-01,75,0.902741702741703,2.02181465217128,75.9027417027417
2020-05-18,2020-05-02,71,1.16940836940837,2.27033062667118,72.1694083694084
2020-05-18,2020-05-03,74,1.43607503607504,2.46540274158416,75.436075036075
2020-05-18,2020-05-04,80,2.36940836940837,2.59158366955534,82.3694083694084
2020-05-18,2020-05-05,66,2.76940836940837,2.82372958575158,68.7694083694084
2020-05-18,2020-05-06,72,3.36940836940837,3.08485103632346,75.3694083694084
2020-05-18,2020-05-07,75,4.43607503607504,3.40337664430086,79.436075036075
2020-05-18,2020-05-08,50,6.03607503607504,4.15556095716172,56.036075036075
2020-05-18,2020-05-09,52,8.23607503607504,4.82672334998167,60.236075036075
2020-05-18,2020-05-10,61,11.636075036075,6.40179448146944,72.6360750360751
2020-05-18,2020-05-11,44,15.9027417027417,8.41212963309084,59.9027417027417
2020-05-18,2020-05-12,34,22.5694083694084,11.1356194350391,56.5694083694084
2020-05-18,2020-05-13,19,28.236075036075,12.1988337152182,47.236075036075
2020-05-18,2020-05-14,19,34.5694083694084,13.6922682809756,53.5694083694084
2020-05-18,2020-05-15,10,41.3027417027417,14.7397138051986,51.3027417027417
2020-05-18,2020-05-16,5,47.5027417027417,15.2081469774504,52.5027417027417
2020-05-18,2020-05-17,4,55.3027417027417,15.7671183226999,59.3027417027417
2020-05-18,2020-05-18,1,65.236075036075,16.8000034357174,66.236075036075
2020-05-19,2020-04-21,62,-0.0595238095238095,0.991631652042901,61.9404761904762
2020-05-19,2020-04-22,77,-0.192857142857143,1.11803398874989,76.8071428571429
2020-05-19,2020-04-23,86,-0.192857142857143,1.18019368870416,85.8071428571429
2020-05-19,2020-04-24,88,-0.126190476190476,1.20810753226847,87.8738095238095
2020-05-19,2020-04-25,72,-0.192857142857143,1.23539081921086,71.8071428571429
2020-05-19,2020-04-26,75,-0.192857142857143,1.39812800013515,74.8071428571429
2020-05-19,2020-04-27,74,-0.0595238095238095,1.53762339806785,73.9404761904762
2020-05-19,2020-04-28,78,0.140476190476191,1.59239262925771,78.1404761904762
2020-05-19,2020-04-29,82,0.473809523809524,1.70782512765993,82.4738095238095
2020-05-19,2020-04-30,75,0.54047619047619,1.76810363841899,75.5404761904762
2020-05-19,2020-05-01,75,0.873809523809524,1.87273672926625,75.8738095238095
2020-05-19,2020-05-02,71,0.873809523809524,1.91049731745428,71.8738095238095
2020-05-19,2020-05-03,74,1.14047619047619,2.17178881723492,75.1404761904762
2020-05-19,2020-05-04,81,1.34047619047619,2.36693492778761,82.3404761904762
2020-05-19,2020-05-05,66,2.27380952380952,2.49809451191827,68.2738095238095
2020-05-19,2020-05-06,72,2.60714285714286,2.73469768504152,74.6071428571429
2020-05-19,2020-05-07,75,3.27380952380952,2.97649522249303,78.2738095238095
2020-05-19,2020-05-08,51,4.20714285714286,3.30547885732014,55.2071428571429
2020-05-19,2020-05-09,52,5.60714285714286,4.02285139339416,57.6071428571429
2020-05-19,2020-05-10,62,7.40714285714286,4.62112128219569,69.4071428571429
2020-05-19,2020-05-11,47,10.6738095238095,6.27864862621158,57.6738095238095
2020-05-19,2020-05-12,35,14.9404761904762,8.31879684524036,49.9404761904762
2020-05-19,2020-05-13,21,21.1404761904762,11.1523006381558,42.1404761904762
2020-05-19,2020-05-14,21,26.7404761904762,12.232373129567,47.7404761904762
2020-05-19,2020-05-15,16,32.9404761904762,13.7561241772875,48.9404761904762
2020-05-19,2020-05-16,10,39.4071428571429,14.771997317963,49.4071428571429
2020-05-19,2020-05-17,16,45.2071428571429,15.1830889635868,61.2071428571429
2020-05-19,2020-05-18,6,52.8738095238095,15.6950856730925,58.8738095238095
2020-05-19,2020-05-19,1,62.0071428571429,16.6571163113404,63.0071428571429
2020-05-20,2020-04-22,77,0.0405011655011655,0.934764434916385,77.0405011655012
2020-05-20,2020-04-23,86,-0.0928321678321678,1.06791910529366,85.9071678321678
2020-05-20,2020-04-24,88,-0.0928321678321678,1.13283200798192,87.9071678321678
2020-05-20,2020-04-25,72,-0.0261655011655012,1.16188425627298,71.9738344988345
2020-05-20,2020-04-26,75,-0.0928321678321678,1.19022757976855,74.9071678321678
2020-05-20,2020-04-27,74,-0.0928321678321678,1.35838621908981,73.9071678321678
2020-05-20,2020-04-28,79,-0.0261655011655012,1.48242843759625,78.9738344988345
2020-05-20,2020-04-29,82,0.240501165501166,1.5514889242653,82.2405011655012
2020-05-20,2020-04-30,76,0.573834498834499,1.66975155728937,76.5738344988345
2020-05-20,2020-05-01,77,0.707167832167832,1.74778057253676,77.7071678321678
2020-05-20,2020-05-02,72,1.1738344988345,1.89924139648384,73.1738344988345
2020-05-20,2020-05-03,74,1.24050116550117,1.95362270964526,75.2405011655012
2020-05-20,2020-05-04,81,1.44050116550117,2.20118448118578,82.4405011655012
2020-05-20,2020-05-05,66,1.64050116550117,2.3939355475717,67.6405011655012
2020-05-20,2020-05-06,72,2.44050116550117,2.51613342371334,74.4405011655012
2020-05-20,2020-05-07,77,2.7738344988345,2.75118567967025,79.7738344988345
2020-05-20,2020-05-08,54,3.5738344988345,3.0043577518607,57.5738344988345
2020-05-20,2020-05-09,58,4.64050116550117,3.37321011108802,62.6405011655012
2020-05-20,2020-05-10,69,6.44050116550117,4.22323209292235,75.4405011655012
2020-05-20,2020-05-11,52,8.50716783216783,4.9758917627395,60.5071678321678
2020-05-20,2020-05-12,45,11.9071678321678,6.55870731864456,56.9071678321678
2020-05-20,2020-05-13,28,16.5738344988345,8.65846537465056,44.5738344988345
2020-05-20,2020-05-14,23,22.8405011655012,11.4095813443591,45.8405011655012
2020-05-20,2020-05-15,25,27.9071678321678,12.4367915697251,52.9071678321678
2020-05-20,2020-05-16,16,34.2405011655012,13.9559672772625,50.2405011655012
2020-05-20,2020-05-17,22,40.4405011655012,14.9264059328625,62.4405011655012
2020-05-20,2020-05-18,22,46.1071678321678,15.3215526310154,68.1071678321678
2020-05-20,2020-05-19,5,54.1071678321678,15.9564130644114,59.1071678321678
2020-05-20,2020-05-20,2,62.4405011655012,16.8392250069443,64.4405011655012
2020-05-21,2020-04-23,86,0.0674603174603175,0.920231164884887,86.0674603174603
2020-05-21,2020-04-24,88,-0.0658730158730158,1.05522133388785,87.934126984127
2020-05-21,2020-04-25,73,-0.0658730158730158,1.12086984362557,72.934126984127
2020-05-21,2020-04-26,75,0.0674603174603175,1.17480157054659,75.0674603174603
2020-05-21,2020-04-27,74,0.000793650793650819,1.20284055336748,74.0007936507937
2020-05-21,2020-04-28,79,0.134126984126984,1.25324974391975,79.134126984127
2020-05-21,2020-04-29,82,0.134126984126984,1.36247906638935,82.134126984127
2020-05-21,2020-04-30,76,0.400793650793651,1.43731451529337,76.4007936507937
2020-05-21,2020-05-01,77,0.734126984126984,1.5642331657478,77.734126984127
2020-05-21,2020-05-02,72,0.800793650793651,1.6298310361351,72.8007936507937
2020-05-21,2020-05-03,75,1.13412698412698,1.74278558270993,76.134126984127
2020-05-21,2020-05-04,81,1.26746031746032,1.81768211026248,82.2674603174603
2020-05-21,2020-05-05,68,1.46746031746032,2.08147536198238,69.4674603174603
2020-05-21,2020-05-06,73,1.86746031746032,2.30303457507009,74.8674603174603
2020-05-21,2020-05-07,78,2.66746031746032,2.42980827514606,80.6674603174603
2020-05-21,2020-05-08,56,3.13412698412698,2.65099562009781,59.134126984127
2020-05-21,2020-05-09,60,4.00079365079365,2.9291907978414,64.0007936507937
2020-05-21,2020-05-10,69,5.00079365079365,3.27460163577432,74.0007936507937
2020-05-21,2020-05-11,54,6.33412698412698,3.90471835051203,60.334126984127
2020-05-21,2020-05-12,47,8.40079365079365,4.70857036908603,55.4007936507937
2020-05-21,2020-05-13,32,11.6007936507937,6.35154024564621,43.6007936507937
2020-05-21,2020-05-14,24,15.734126984127,8.2571277530482,39.734126984127
2020-05-21,2020-05-15,27,21.6007936507937,11.1875426752755,48.6007936507937
2020-05-21,2020-05-16,19,26.2674603174603,12.2287392437677,45.2674603174603
2020-05-21,2020-05-17,25,32.4674603174603,13.7943800380779,57.4674603174603
2020-05-21,2020-05-18,28,38.2007936507937,14.7573764175804,66.2007936507937
2020-05-21,2020-05-19,9,43.934126984127,15.1559878679672,52.934126984127
2020-05-21,2020-05-20,6,51.6007936507937,15.8276180160974,57.6007936507937
2020-05-21,2020-05-21,0,59.2674603174603,16.674450563281,59.2674603174603
